TABLE_CAT,TABLE_SCHEM,TABLE_NAME,TABLE_TYPE
C0000052267P_1_KOR00000000,dbo,ADPCode,TABLE
C0000052267P_1_KOR00000000,dbo,ADPExport,TABLE
C0000052267P_1_KOR00000000,dbo,AICache,TABLE
C0000052267P_1_KOR00000000,dbo,APApprovalDocuments,TABLE
C0000052267P_1_KOR00000000,dbo,APApprovalMaster,TABLE
C0000052267P_1_KOR00000000,dbo,APApprovalNotes,TABLE
C0000052267P_1_KOR00000000,dbo,APApprovalPO,TABLE
C0000052267P_1_KOR00000000,dbo,APApprovalWBS,TABLE
C0000052267P_1_KOR00000000,dbo,APApprovalWBSTax,TABLE
C0000052267P_1_KOR00000000,dbo,APDocuments,TABLE
C0000052267P_1_KOR00000000,dbo,APDocumentsDetail,TABLE
C0000052267P_1_KOR00000000,dbo,APExpenseCodeOT,TABLE
C0000052267P_1_KOR00000000,dbo,APExpenseCodeOTCodes,TABLE
C0000052267P_1_KOR00000000,dbo,APInvoiceCustomFields,TABLE
C0000052267P_1_KOR00000000,dbo,AR,TABLE
C0000052267P_1_KOR00000000,dbo,ARC,TABLE
C0000052267P_1_KOR00000000,dbo,ARCreditMemo,TABLE
C0000052267P_1_KOR00000000,dbo,ARPreInvoice,TABLE
C0000052267P_1_KOR00000000,dbo,ARPreInvoiceDetail,TABLE
C0000052267P_1_KOR00000000,dbo,AbraDataDictionary,TABLE
C0000052267P_1_KOR00000000,dbo,AbraDefaultMapping,TABLE
C0000052267P_1_KOR00000000,dbo,AbraInterface,TABLE
C0000052267P_1_KOR00000000,dbo,AbraMapping,TABLE
C0000052267P_1_KOR00000000,dbo,AbsenceRequests,TABLE
C0000052267P_1_KOR00000000,dbo,AbsenceRequestsHours,TABLE
C0000052267P_1_KOR00000000,dbo,AccountCustomTabFields,TABLE
C0000052267P_1_KOR00000000,dbo,Activity,TABLE
C0000052267P_1_KOR00000000,dbo,ActivityCustomTabFields,TABLE
C0000052267P_1_KOR00000000,dbo,ActivityFileLinks,TABLE
C0000052267P_1_KOR00000000,dbo,ActivityReminder,TABLE
C0000052267P_1_KOR00000000,dbo,ActivitySubscr,TABLE
C0000052267P_1_KOR00000000,dbo,ActuateReportServers,TABLE
C0000052267P_1_KOR00000000,dbo,AlertsDashboard,TABLE
C0000052267P_1_KOR00000000,dbo,AlertsData,TABLE
C0000052267P_1_KOR00000000,dbo,AlertsDescriptions,TABLE
C0000052267P_1_KOR00000000,dbo,AnalysisCubesCalcMeasureData,TABLE
C0000052267P_1_KOR00000000,dbo,AnalysisCubesCalcMeasureDescriptions,TABLE
C0000052267P_1_KOR00000000,dbo,AnalysisCubesCurrencyExchange,TABLE
C0000052267P_1_KOR00000000,dbo,AnalysisCubesFilteringData,TABLE
C0000052267P_1_KOR00000000,dbo,AnalysisCubesFilteringDescriptions,TABLE
C0000052267P_1_KOR00000000,dbo,AnalysisCubesKPIData,TABLE
C0000052267P_1_KOR00000000,dbo,AnalysisCubesKPIDescriptions,TABLE
C0000052267P_1_KOR00000000,dbo,AnalysisCubesKPIOverride,TABLE
C0000052267P_1_KOR00000000,dbo,AnalysisCubesServer,TABLE
C0000052267P_1_KOR00000000,dbo,ApiAuthenticationCode,TABLE
C0000052267P_1_KOR00000000,dbo,ApiAuthorization,TABLE
C0000052267P_1_KOR00000000,dbo,ApiAuthorizationByUser,TABLE
C0000052267P_1_KOR00000000,dbo,ApprovalActionEmails,TABLE
C0000052267P_1_KOR00000000,dbo,ApprovalActionNotification,TABLE
C0000052267P_1_KOR00000000,dbo,ApprovalAssignmentHierarchy,TABLE
C0000052267P_1_KOR00000000,dbo,ApprovalConditions,TABLE
C0000052267P_1_KOR00000000,dbo,ApprovalErrorLog,TABLE
C0000052267P_1_KOR00000000,dbo,ApprovalItem,TABLE
C0000052267P_1_KOR00000000,dbo,ApprovalItemHistory,TABLE
C0000052267P_1_KOR00000000,dbo,ApprovalRoleAssignment,TABLE
C0000052267P_1_KOR00000000,dbo,ApprovalWorkflow,TABLE
C0000052267P_1_KOR00000000,dbo,ApprovalWorkflowActions,TABLE
C0000052267P_1_KOR00000000,dbo,AuditTrail,TABLE
C0000052267P_1_KOR00000000,dbo,BIED,TABLE
C0000052267P_1_KOR00000000,dbo,BIEDTax,TABLE
C0000052267P_1_KOR00000000,dbo,BILD,TABLE
C0000052267P_1_KOR00000000,dbo,BILDCustomFields,TABLE
C0000052267P_1_KOR00000000,dbo,BT,TABLE
C0000052267P_1_KOR00000000,dbo,BTA,TABLE
C0000052267P_1_KOR00000000,dbo,BTBG,TABLE
C0000052267P_1_KOR00000000,dbo,BTBGSubs,TABLE
C0000052267P_1_KOR00000000,dbo,BTDefaults,TABLE
C0000052267P_1_KOR00000000,dbo,BTDefaultsTaxCodes,TABLE
C0000052267P_1_KOR00000000,dbo,BTEA,TABLE
C0000052267P_1_KOR00000000,dbo,BTEAAccts,TABLE
C0000052267P_1_KOR00000000,dbo,BTEC,TABLE
C0000052267P_1_KOR00000000,dbo,BTECAccts,TABLE
C0000052267P_1_KOR00000000,dbo,BTECCats,TABLE
C0000052267P_1_KOR00000000,dbo,BTEV,TABLE
C0000052267P_1_KOR00000000,dbo,BTEVVends,TABLE
C0000052267P_1_KOR00000000,dbo,BTF,TABLE
C0000052267P_1_KOR00000000,dbo,BTFCategory,TABLE
C0000052267P_1_KOR00000000,dbo,BTFPhaseGroupData,TABLE
C0000052267P_1_KOR00000000,dbo,BTFPhaseGroupDescriptions,TABLE
C0000052267P_1_KOR00000000,dbo,BTLaborCatsData,TABLE
C0000052267P_1_KOR00000000,dbo,BTLaborCatsDescriptions,TABLE
C0000052267P_1_KOR00000000,dbo,BTRCT,TABLE
C0000052267P_1_KOR00000000,dbo,BTRCTCats,TABLE
C0000052267P_1_KOR00000000,dbo,BTRCTEmpls,TABLE
C0000052267P_1_KOR00000000,dbo,BTRLT,TABLE
C0000052267P_1_KOR00000000,dbo,BTRLTCodes,TABLE
C0000052267P_1_KOR00000000,dbo,BTROT,TABLE
C0000052267P_1_KOR00000000,dbo,BTROTCats,TABLE
C0000052267P_1_KOR00000000,dbo,BTROTEmpls,TABLE
C0000052267P_1_KOR00000000,dbo,BTRRT,TABLE
C0000052267P_1_KOR00000000,dbo,BTRRTEmpls,TABLE
C0000052267P_1_KOR00000000,dbo,BTSchedule,TABLE
C0000052267P_1_KOR00000000,dbo,BTTaxCodes,TABLE
C0000052267P_1_KOR00000000,dbo,BankRecAssoc,TABLE
C0000052267P_1_KOR00000000,dbo,BankRecImport,TABLE
C0000052267P_1_KOR00000000,dbo,BankRecTransaction,TABLE
C0000052267P_1_KOR00000000,dbo,BatchBilling,TABLE
C0000052267P_1_KOR00000000,dbo,BatchFailedWBS,TABLE
C0000052267P_1_KOR00000000,dbo,BillingTemplate,TABLE
C0000052267P_1_KOR00000000,dbo,BillingTemplateImages,TABLE
C0000052267P_1_KOR00000000,dbo,BillingTemplatePRInfo,TABLE
C0000052267P_1_KOR00000000,dbo,BillingTemplatePhaseInfo,TABLE
C0000052267P_1_KOR00000000,dbo,BillingTemplatePreInvoiceInfo,TABLE
C0000052267P_1_KOR00000000,dbo,BillingXferAudit,TABLE
C0000052267P_1_KOR00000000,dbo,BudgetMilestoneAssoc,TABLE
C0000052267P_1_KOR00000000,dbo,BudgetMilestoneSeq,TABLE
C0000052267P_1_KOR00000000,dbo,Bug_2338328_Log,TABLE
C0000052267P_1_KOR00000000,dbo,BulkUpdate,TABLE
C0000052267P_1_KOR00000000,dbo,BulkUpdateHistory,TABLE
C0000052267P_1_KOR00000000,dbo,CA,TABLE
C0000052267P_1_KOR00000000,dbo,CAB,TABLE
C0000052267P_1_KOR00000000,dbo,CABDetail,TABLE
C0000052267P_1_KOR00000000,dbo,CABGroup,TABLE
C0000052267P_1_KOR00000000,dbo,CABGroupDetail,TABLE
C0000052267P_1_KOR00000000,dbo,CACompanyMapping,TABLE
C0000052267P_1_KOR00000000,dbo,CFGAIPrompts,TABLE
C0000052267P_1_KOR00000000,dbo,CFGAISettings,TABLE
C0000052267P_1_KOR00000000,dbo,CFGAPApprovalStatusData,TABLE
C0000052267P_1_KOR00000000,dbo,CFGAPApprovalStatusDescriptions,TABLE
C0000052267P_1_KOR00000000,dbo,CFGAPDiscount,TABLE
C0000052267P_1_KOR00000000,dbo,CFGAPExpenseCodeAccounts,TABLE
C0000052267P_1_KOR00000000,dbo,CFGAPExpenseCodeData,TABLE
C0000052267P_1_KOR00000000,dbo,CFGAPExpenseCodeDescriptions,TABLE
C0000052267P_1_KOR00000000,dbo,CFGAPForm1099,TABLE
C0000052267P_1_KOR00000000,dbo,CFGAPLiability,TABLE
C0000052267P_1_KOR00000000,dbo,CFGAPMain,TABLE
C0000052267P_1_KOR00000000,dbo,CFGAPPaymentTermsData,TABLE
C0000052267P_1_KOR00000000,dbo,CFGAPPaymentTermsDescriptions,TABLE
C0000052267P_1_KOR00000000,dbo,CFGARLedgerHeadingsData,TABLE
C0000052267P_1_KOR00000000,dbo,CFGARLedgerHeadingsDescriptions,TABLE
C0000052267P_1_KOR00000000,dbo,CFGARMap,TABLE
C0000052267P_1_KOR00000000,dbo,CFGAbsReqStatusData,TABLE
C0000052267P_1_KOR00000000,dbo,CFGAbsReqStatusDescriptions,TABLE
C0000052267P_1_KOR00000000,dbo,CFGAccountGroupTableCodeData,TABLE
C0000052267P_1_KOR00000000,dbo,CFGAccountGroupTableCodeDescriptions,TABLE
C0000052267P_1_KOR00000000,dbo,CFGAccountStatusData,TABLE
C0000052267P_1_KOR00000000,dbo,CFGAccountStatusDescriptions,TABLE
C0000052267P_1_KOR00000000,dbo,CFGAccrualScheduleDetail,TABLE
C0000052267P_1_KOR00000000,dbo,CFGAccrualScheduleMasterData,TABLE
C0000052267P_1_KOR00000000,dbo,CFGAccrualScheduleMasterDescriptions,TABLE
C0000052267P_1_KOR00000000,dbo,CFGAcctngCalendarData,TABLE
C0000052267P_1_KOR00000000,dbo,CFGAcctngCalendarDescriptions,TABLE
C0000052267P_1_KOR00000000,dbo,CFGActivitySubjectData,TABLE
C0000052267P_1_KOR00000000,dbo,CFGActivityTypeData,TABLE
C0000052267P_1_KOR00000000,dbo,CFGActivityTypeDescriptions,TABLE
C0000052267P_1_KOR00000000,dbo,CFGApprovalRoleData,TABLE
C0000052267P_1_KOR00000000,dbo,CFGApprovalRoleDescriptions,TABLE
C0000052267P_1_KOR00000000,dbo,CFGApprovalStatusData,TABLE
C0000052267P_1_KOR00000000,dbo,CFGApprovalStatusDescriptions,TABLE
C0000052267P_1_KOR00000000,dbo,CFGApprovalType,TABLE
C0000052267P_1_KOR00000000,dbo,CFGApproveTrans,TABLE
C0000052267P_1_KOR00000000,dbo,CFGAssetMain,TABLE
C0000052267P_1_KOR00000000,dbo,CFGAuditTableConfig,TABLE
C0000052267P_1_KOR00000000,dbo,CFGAuditTableLookup,TABLE
C0000052267P_1_KOR00000000,dbo,CFGAutoNumCustomMethod,TABLE
C0000052267P_1_KOR00000000,dbo,CFGAutoNumCustomMethodArgs,TABLE
C0000052267P_1_KOR00000000,dbo,CFGAutoNumExpression,TABLE
C0000052267P_1_KOR00000000,dbo,CFGAutoNumMappedValues,TABLE
C0000052267P_1_KOR00000000,dbo,CFGAutoNumSeqs,TABLE
C0000052267P_1_KOR00000000,dbo,CFGAutoNumSproc,TABLE
C0000052267P_1_KOR00000000,dbo,CFGAutoNumSprocArgs,TABLE
C0000052267P_1_KOR00000000,dbo,CFGAutoNumWebService,TABLE
C0000052267P_1_KOR00000000,dbo,CFGAutoNumWebServiceArgs,TABLE
C0000052267P_1_KOR00000000,dbo,CFGAutoPosting,TABLE
C0000052267P_1_KOR00000000,dbo,CFGAwardTypeData,TABLE
C0000052267P_1_KOR00000000,dbo,CFGAwardTypeDescriptions,TABLE
C0000052267P_1_KOR00000000,dbo,CFGBankAccountIDTypeData,TABLE
C0000052267P_1_KOR00000000,dbo,CFGBankAccountIDTypeDescriptions,TABLE
C0000052267P_1_KOR00000000,dbo,CFGBankEntriesCodeData,TABLE
C0000052267P_1_KOR00000000,dbo,CFGBankEntriesCodeDescriptions,TABLE
C0000052267P_1_KOR00000000,dbo,CFGBankIDTypeData,TABLE
C0000052267P_1_KOR00000000,dbo,CFGBankIDTypeDescriptions,TABLE
C0000052267P_1_KOR00000000,dbo,CFGBankImport,TABLE
C0000052267P_1_KOR00000000,dbo,CFGBankImportDetailData,TABLE
C0000052267P_1_KOR00000000,dbo,CFGBankImportDetailDescriptions,TABLE
C0000052267P_1_KOR00000000,dbo,CFGBankPaymentMatchingRule,TABLE
C0000052267P_1_KOR00000000,dbo,CFGBankReceiptMatchingRule,TABLE
C0000052267P_1_KOR00000000,dbo,CFGBankTextFormat,TABLE
C0000052267P_1_KOR00000000,dbo,CFGBankTypeMapping,TABLE
C0000052267P_1_KOR00000000,dbo,CFGBanks,TABLE
C0000052267P_1_KOR00000000,dbo,CFGBanksFeedNotification,TABLE
C0000052267P_1_KOR00000000,dbo,CFGBillApprovalActionAlerts,TABLE
C0000052267P_1_KOR00000000,dbo,CFGBillApprovalActions,TABLE
C0000052267P_1_KOR00000000,dbo,CFGBillApprovalData,TABLE
C0000052267P_1_KOR00000000,dbo,CFGBillApprovalDescriptions,TABLE
C0000052267P_1_KOR00000000,dbo,CFGBillMainData,TABLE
C0000052267P_1_KOR00000000,dbo,CFGBillMainDescriptions,TABLE
C0000052267P_1_KOR00000000,dbo,CFGBillTaxesData,TABLE
C0000052267P_1_KOR00000000,dbo,CFGBillTaxesDescriptions,TABLE
C0000052267P_1_KOR00000000,dbo,CFGBillTaxesICBillingExclusionAccounts,TABLE
C0000052267P_1_KOR00000000,dbo,CFGBillTaxesVATGridNumber,TABLE
C0000052267P_1_KOR00000000,dbo,CFGBillingRateTableCodeData,TABLE
C0000052267P_1_KOR00000000,dbo,CFGBillingRateTableCodeDescriptions,TABLE
C0000052267P_1_KOR00000000,dbo,CFGCampaignActionData,TABLE
C0000052267P_1_KOR00000000,dbo,CFGCampaignActionDescriptions,TABLE
C0000052267P_1_KOR00000000,dbo,CFGCampaignAudienceData,TABLE
C0000052267P_1_KOR00000000,dbo,CFGCampaignAudienceDescriptions,TABLE
C0000052267P_1_KOR00000000,dbo,CFGCampaignObjectiveData,TABLE
C0000052267P_1_KOR00000000,dbo,CFGCampaignObjectiveDescriptions,TABLE
C0000052267P_1_KOR00000000,dbo,CFGCampaignRecStatusData,TABLE
C0000052267P_1_KOR00000000,dbo,CFGCampaignRecStatusDescriptions,TABLE
C0000052267P_1_KOR00000000,dbo,CFGCampaignStatusData,TABLE
C0000052267P_1_KOR00000000,dbo,CFGCampaignStatusDescriptions,TABLE
C0000052267P_1_KOR00000000,dbo,CFGCampaignTypeData,TABLE
C0000052267P_1_KOR00000000,dbo,CFGCampaignTypeDescriptions,TABLE
C0000052267P_1_KOR00000000,dbo,CFGCashAcctSetup,TABLE
C0000052267P_1_KOR00000000,dbo,CFGCashHeadingsData,TABLE
C0000052267P_1_KOR00000000,dbo,CFGCashHeadingsDescriptions,TABLE
C0000052267P_1_KOR00000000,dbo,CFGCashSetupData,TABLE
C0000052267P_1_KOR00000000,dbo,CFGCashSetupDescriptions,TABLE
C0000052267P_1_KOR00000000,dbo,CFGChargeTypeData,TABLE
C0000052267P_1_KOR00000000,dbo,CFGChargeTypeDescriptions,TABLE
C0000052267P_1_KOR00000000,dbo,CFGCitizenshipData,TABLE
C0000052267P_1_KOR00000000,dbo,CFGCitizenshipDescriptions,TABLE
C0000052267P_1_KOR00000000,dbo,CFGClientCurrentStatusData,TABLE
C0000052267P_1_KOR00000000,dbo,CFGClientCurrentStatusDescriptions,TABLE
C0000052267P_1_KOR00000000,dbo,CFGClientHierarchyData,TABLE
C0000052267P_1_KOR00000000,dbo,CFGClientHierarchyDescriptions,TABLE
C0000052267P_1_KOR00000000,dbo,CFGClientRelationshipData,TABLE
C0000052267P_1_KOR00000000,dbo,CFGClientRelationshipDescriptions,TABLE
C0000052267P_1_KOR00000000,dbo,CFGClientRoleData,TABLE
C0000052267P_1_KOR00000000,dbo,CFGClientRoleDescriptions,TABLE
C0000052267P_1_KOR00000000,dbo,CFGClientStatusData,TABLE
C0000052267P_1_KOR00000000,dbo,CFGClientStatusDescriptions,TABLE
C0000052267P_1_KOR00000000,dbo,CFGClientTypeData,TABLE
C0000052267P_1_KOR00000000,dbo,CFGClientTypeDescriptions,TABLE
C0000052267P_1_KOR00000000,dbo,CFGCommonStatusData,TABLE
C0000052267P_1_KOR00000000,dbo,CFGCommonStatusDescriptions,TABLE
C0000052267P_1_KOR00000000,dbo,CFGCompensationGroupsData,TABLE
C0000052267P_1_KOR00000000,dbo,CFGCompensationGroupsDescriptions,TABLE
C0000052267P_1_KOR00000000,dbo,CFGCompetitionTypeData,TABLE
C0000052267P_1_KOR00000000,dbo,CFGCompetitionTypeDescriptions,TABLE
C0000052267P_1_KOR00000000,dbo,CFGConsolidationCompanies,TABLE
C0000052267P_1_KOR00000000,dbo,CFGConsolidationEliminations,TABLE
C0000052267P_1_KOR00000000,dbo,CFGConsolidationGroups,TABLE
C0000052267P_1_KOR00000000,dbo,CFGConsolidationTranslationMethodOverrides,TABLE
C0000052267P_1_KOR00000000,dbo,CFGContactInfoCatData,TABLE
C0000052267P_1_KOR00000000,dbo,CFGContactInfoCatDescriptions,TABLE
C0000052267P_1_KOR00000000,dbo,CFGContactRelationshipData,TABLE
C0000052267P_1_KOR00000000,dbo,CFGContactRelationshipDescriptions,TABLE
C0000052267P_1_KOR00000000,dbo,CFGContactRoleData,TABLE
C0000052267P_1_KOR00000000,dbo,CFGContactRoleDescriptions,TABLE
C0000052267P_1_KOR00000000,dbo,CFGContactSourceData,TABLE
C0000052267P_1_KOR00000000,dbo,CFGContactSourceDescriptions,TABLE
C0000052267P_1_KOR00000000,dbo,CFGContactTitleData,TABLE
C0000052267P_1_KOR00000000,dbo,CFGContactTitleDescriptions,TABLE
C0000052267P_1_KOR00000000,dbo,CFGContactTypeData,TABLE
C0000052267P_1_KOR00000000,dbo,CFGContactTypeDescriptions,TABLE
C0000052267P_1_KOR00000000,dbo,CFGContractStatusData,TABLE
C0000052267P_1_KOR00000000,dbo,CFGContractStatusDescriptions,TABLE
C0000052267P_1_KOR00000000,dbo,CFGContractTypeData,TABLE
C0000052267P_1_KOR00000000,dbo,CFGContractTypeDescriptions,TABLE
C0000052267P_1_KOR00000000,dbo,CFGContractTypeGovConData,TABLE
C0000052267P_1_KOR00000000,dbo,CFGContractTypeGovConDescriptions,TABLE
C0000052267P_1_KOR00000000,dbo,CFGCountyData,TABLE
C0000052267P_1_KOR00000000,dbo,CFGCountyDescriptions,TABLE
C0000052267P_1_KOR00000000,dbo,CFGCreditCard,TABLE
C0000052267P_1_KOR00000000,dbo,CFGCreditCardImport,TABLE
C0000052267P_1_KOR00000000,dbo,CFGCreditCardImportDetailData,TABLE
C0000052267P_1_KOR00000000,dbo,CFGCreditCardImportDetailDescriptions,TABLE
C0000052267P_1_KOR00000000,dbo,CFGCreditCardSecondary,TABLE
C0000052267P_1_KOR00000000,dbo,CFGCreditCardSecondaryEmployee,TABLE
C0000052267P_1_KOR00000000,dbo,CFGCreditCardStatusData,TABLE
C0000052267P_1_KOR00000000,dbo,CFGCreditCardStatusDescriptions,TABLE
C0000052267P_1_KOR00000000,dbo,CFGCubeTranslationData,TABLE
C0000052267P_1_KOR00000000,dbo,CFGCubeTranslationDescriptions,TABLE
C0000052267P_1_KOR00000000,dbo,CFGCurrencyDownloadCode,TABLE
C0000052267P_1_KOR00000000,dbo,CFGCurrencyDownloadLicense,TABLE
C0000052267P_1_KOR00000000,dbo,CFGCurrencyExchange,TABLE
C0000052267P_1_KOR00000000,dbo,CFGCurrencyExchangePeriod,TABLE
C0000052267P_1_KOR00000000,dbo,CFGDates,TABLE
C0000052267P_1_KOR00000000,dbo,CFGDatesStatus,TABLE
C0000052267P_1_KOR00000000,dbo,CFGDeltekOperations,TABLE
C0000052267P_1_KOR00000000,dbo,CFGDescriptionCategoryData,TABLE
C0000052267P_1_KOR00000000,dbo,CFGDescriptionCategoryDescriptions,TABLE
C0000052267P_1_KOR00000000,dbo,CFGDiaryAutoNum,TABLE
C0000052267P_1_KOR00000000,dbo,CFGDiaryData,TABLE
C0000052267P_1_KOR00000000,dbo,CFGDiaryDescriptions,TABLE
C0000052267P_1_KOR00000000,dbo,CFGEEOCategoryData,TABLE
C0000052267P_1_KOR00000000,dbo,CFGEEOCategoryDescriptions,TABLE
C0000052267P_1_KOR00000000,dbo,CFGEKCategory,TABLE
C0000052267P_1_KOR00000000,dbo,CFGEKCategoryTaxCodes,TABLE
C0000052267P_1_KOR00000000,dbo,CFGEKEmployeeGroup,TABLE
C0000052267P_1_KOR00000000,dbo,CFGEKMain,TABLE
C0000052267P_1_KOR00000000,dbo,CFGEKStatusData,TABLE
C0000052267P_1_KOR00000000,dbo,CFGEKStatusDescriptions,TABLE
C0000052267P_1_KOR00000000,dbo,CFGEMDegreeData,TABLE
C0000052267P_1_KOR00000000,dbo,CFGEMDegreeDescriptions,TABLE
C0000052267P_1_KOR00000000,dbo,CFGEMLocationData,TABLE
C0000052267P_1_KOR00000000,dbo,CFGEMLocationDescriptions,TABLE
C0000052267P_1_KOR00000000,dbo,CFGEMRegistrationData,TABLE
C0000052267P_1_KOR00000000,dbo,CFGEMRegistrationDescriptions,TABLE
C0000052267P_1_KOR00000000,dbo,CFGEMRegistrationStatusData,TABLE
C0000052267P_1_KOR00000000,dbo,CFGEMRegistrationStatusDescriptions,TABLE
C0000052267P_1_KOR00000000,dbo,CFGEMRegistrationTypeData,TABLE
C0000052267P_1_KOR00000000,dbo,CFGEMRegistrationTypeDescriptions,TABLE
C0000052267P_1_KOR00000000,dbo,CFGEMSkillData,TABLE
C0000052267P_1_KOR00000000,dbo,CFGEMSkillDescriptions,TABLE
C0000052267P_1_KOR00000000,dbo,CFGEMSkillLevelData,TABLE
C0000052267P_1_KOR00000000,dbo,CFGEMSkillLevelDescriptions,TABLE
C0000052267P_1_KOR00000000,dbo,CFGEMSkillUsageData,TABLE
C0000052267P_1_KOR00000000,dbo,CFGEMSkillUsageDescriptions,TABLE
C0000052267P_1_KOR00000000,dbo,CFGEMail,TABLE
C0000052267P_1_KOR00000000,dbo,CFGETInterface,TABLE
C0000052267P_1_KOR00000000,dbo,CFGEmployeeRelationshipData,TABLE
C0000052267P_1_KOR00000000,dbo,CFGEmployeeRelationshipDescriptions,TABLE
C0000052267P_1_KOR00000000,dbo,CFGEmployeeRoleData,TABLE
C0000052267P_1_KOR00000000,dbo,CFGEmployeeRoleDescriptions,TABLE
C0000052267P_1_KOR00000000,dbo,CFGEmployeeStatusData,TABLE
C0000052267P_1_KOR00000000,dbo,CFGEmployeeStatusDescriptions,TABLE
C0000052267P_1_KOR00000000,dbo,CFGEmployeeTitleData,TABLE
C0000052267P_1_KOR00000000,dbo,CFGEmployeeTitleDescriptions,TABLE
C0000052267P_1_KOR00000000,dbo,CFGEmployeeTypeAccounts,TABLE
C0000052267P_1_KOR00000000,dbo,CFGEmployeeTypeData,TABLE
C0000052267P_1_KOR00000000,dbo,CFGEmployeeTypeDescriptions,TABLE
C0000052267P_1_KOR00000000,dbo,CFGExportImport,TABLE
C0000052267P_1_KOR00000000,dbo,CFGFAAssetTypeData,TABLE
C0000052267P_1_KOR00000000,dbo,CFGFAAssetTypeDescriptions,TABLE
C0000052267P_1_KOR00000000,dbo,CFGFABookData,TABLE
C0000052267P_1_KOR00000000,dbo,CFGFABookDescriptions,TABLE
C0000052267P_1_KOR00000000,dbo,CFGFADepMethodData,TABLE
C0000052267P_1_KOR00000000,dbo,CFGFADepMethodDescriptions,TABLE
C0000052267P_1_KOR00000000,dbo,CFGFADepMethodSum,TABLE
C0000052267P_1_KOR00000000,dbo,CFGFAPropertyTypeData,TABLE
C0000052267P_1_KOR00000000,dbo,CFGFAPropertyTypeDescriptions,TABLE
C0000052267P_1_KOR00000000,dbo,CFGFARepairTypeData,TABLE
C0000052267P_1_KOR00000000,dbo,CFGFARepairTypeDescriptions,TABLE
C0000052267P_1_KOR00000000,dbo,CFGFASec179Main,TABLE
C0000052267P_1_KOR00000000,dbo,CFGFeatureFlag,TABLE
C0000052267P_1_KOR00000000,dbo,CFGFeeEstCostGroupData,TABLE
C0000052267P_1_KOR00000000,dbo,CFGFeeEstCostGroupDescriptions,TABLE
C0000052267P_1_KOR00000000,dbo,CFGFeeEstFuncGroupData,TABLE
C0000052267P_1_KOR00000000,dbo,CFGFeeEstFuncGroupDescriptions,TABLE
C0000052267P_1_KOR00000000,dbo,CFGFonts,TABLE
C0000052267P_1_KOR00000000,dbo,CFGFormat,TABLE
C0000052267P_1_KOR00000000,dbo,CFGGridViewFields,TABLE
C0000052267P_1_KOR00000000,dbo,CFGHRJobs,TABLE
C0000052267P_1_KOR00000000,dbo,CFGHRRelationshipData,TABLE
C0000052267P_1_KOR00000000,dbo,CFGHRRelationshipDescriptions,TABLE
C0000052267P_1_KOR00000000,dbo,CFGHoliday,TABLE
C0000052267P_1_KOR00000000,dbo,CFGHolidayTypeData,TABLE
C0000052267P_1_KOR00000000,dbo,CFGHolidayTypeDescriptions,TABLE
C0000052267P_1_KOR00000000,dbo,CFGICBilling,TABLE
C0000052267P_1_KOR00000000,dbo,CFGICBillingOverrides,TABLE
C0000052267P_1_KOR00000000,dbo,CFGICBillingTerms,TABLE
C0000052267P_1_KOR00000000,dbo,CFGInitializationSetup,TABLE
C0000052267P_1_KOR00000000,dbo,CFGInitializationSetup_Backup,TABLE
C0000052267P_1_KOR00000000,dbo,CFGIntegrationCompany,TABLE
C0000052267P_1_KOR00000000,dbo,CFGIntegrationWS,TABLE
C0000052267P_1_KOR00000000,dbo,CFGIntegrationWSEmployeeTypes,TABLE
C0000052267P_1_KOR00000000,dbo,CFGIntegrationWS_Backup,TABLE
C0000052267P_1_KOR00000000,dbo,CFGInvApprover,TABLE
C0000052267P_1_KOR00000000,dbo,CFGInvCostAdjReasonData,TABLE
C0000052267P_1_KOR00000000,dbo,CFGInvCostAdjReasonDescriptions,TABLE
C0000052267P_1_KOR00000000,dbo,CFGInvLocations,TABLE
C0000052267P_1_KOR00000000,dbo,CFGInvMap,TABLE
C0000052267P_1_KOR00000000,dbo,CFGInvQtyAdjReasonData,TABLE
C0000052267P_1_KOR00000000,dbo,CFGInvQtyAdjReasonDescriptions,TABLE
C0000052267P_1_KOR00000000,dbo,CFGInventoryMain,TABLE
C0000052267P_1_KOR00000000,dbo,CFGInvoiceTemplateTableCodeData,TABLE
C0000052267P_1_KOR00000000,dbo,CFGInvoiceTemplateTableCodeDescriptions,TABLE
C0000052267P_1_KOR00000000,dbo,CFGJobChangeReasonData,TABLE
C0000052267P_1_KOR00000000,dbo,CFGJobChangeReasonDescriptions,TABLE
C0000052267P_1_KOR00000000,dbo,CFGJobLevelData,TABLE
C0000052267P_1_KOR00000000,dbo,CFGJobLevelDescriptions,TABLE
C0000052267P_1_KOR00000000,dbo,CFGLCCodesData,TABLE
C0000052267P_1_KOR00000000,dbo,CFGLCCodesDescriptions,TABLE
C0000052267P_1_KOR00000000,dbo,CFGLeadRatingData,TABLE
C0000052267P_1_KOR00000000,dbo,CFGLeadRatingDescriptions,TABLE
C0000052267P_1_KOR00000000,dbo,CFGLeadStatusData,TABLE
C0000052267P_1_KOR00000000,dbo,CFGLeadStatusDescriptions,TABLE
C0000052267P_1_KOR00000000,dbo,CFGLeadStatusReasonData,TABLE
C0000052267P_1_KOR00000000,dbo,CFGLeadStatusReasonDescriptions,TABLE
C0000052267P_1_KOR00000000,dbo,CFGLocale,TABLE
C0000052267P_1_KOR00000000,dbo,CFGMainData,TABLE
C0000052267P_1_KOR00000000,dbo,CFGMainDataDefaultTaxCodes,TABLE
C0000052267P_1_KOR00000000,dbo,CFGMasterContractData,TABLE
C0000052267P_1_KOR00000000,dbo,CFGMasterContractDescriptions,TABLE
C0000052267P_1_KOR00000000,dbo,CFGMobileCRMSections,TABLE
C0000052267P_1_KOR00000000,dbo,CFGModuleConfiguration,TABLE
C0000052267P_1_KOR00000000,dbo,CFGNAICSData,TABLE
C0000052267P_1_KOR00000000,dbo,CFGNAICSDescriptions,TABLE
C0000052267P_1_KOR00000000,dbo,CFGNaturalKeys,TABLE
C0000052267P_1_KOR00000000,dbo,CFGNavCRMTabHeadings,TABLE
C0000052267P_1_KOR00000000,dbo,CFGNavCRMTabsData,TABLE
C0000052267P_1_KOR00000000,dbo,CFGNonWorkingDay,TABLE
C0000052267P_1_KOR00000000,dbo,CFGOHAccounts,TABLE
C0000052267P_1_KOR00000000,dbo,CFGOHMain,TABLE
C0000052267P_1_KOR00000000,dbo,CFGOpportunityClosedReasonData,TABLE
C0000052267P_1_KOR00000000,dbo,CFGOpportunityClosedReasonDescriptions,TABLE
C0000052267P_1_KOR00000000,dbo,CFGOpportunitySourceData,TABLE
C0000052267P_1_KOR00000000,dbo,CFGOpportunitySourceDescriptions,TABLE
C0000052267P_1_KOR00000000,dbo,CFGOrgCodesData,TABLE
C0000052267P_1_KOR00000000,dbo,CFGOrgCodesDescriptions,TABLE
C0000052267P_1_KOR00000000,dbo,CFGOrgSetup,TABLE
C0000052267P_1_KOR00000000,dbo,CFGOrganizationStatusData,TABLE
C0000052267P_1_KOR00000000,dbo,CFGOrganizationStatusDescriptions,TABLE
C0000052267P_1_KOR00000000,dbo,CFGPOAccounts,TABLE
C0000052267P_1_KOR00000000,dbo,CFGPOBillTo,TABLE
C0000052267P_1_KOR00000000,dbo,CFGPOBuyer,TABLE
C0000052267P_1_KOR00000000,dbo,CFGPOCategoryData,TABLE
C0000052267P_1_KOR00000000,dbo,CFGPOCategoryDescriptions,TABLE
C0000052267P_1_KOR00000000,dbo,CFGPOClause,TABLE
C0000052267P_1_KOR00000000,dbo,CFGPOFOB,TABLE
C0000052267P_1_KOR00000000,dbo,CFGPOMain,TABLE
C0000052267P_1_KOR00000000,dbo,CFGPOQualityData,TABLE
C0000052267P_1_KOR00000000,dbo,CFGPOQualityDescriptions,TABLE
C0000052267P_1_KOR00000000,dbo,CFGPOReasonData,TABLE
C0000052267P_1_KOR00000000,dbo,CFGPOReasonDescriptions,TABLE
C0000052267P_1_KOR00000000,dbo,CFGPOShipTo,TABLE
C0000052267P_1_KOR00000000,dbo,CFGPOShipVia,TABLE
C0000052267P_1_KOR00000000,dbo,CFGPOStatusData,TABLE
C0000052267P_1_KOR00000000,dbo,CFGPOStatusDescriptions,TABLE
C0000052267P_1_KOR00000000,dbo,CFGPOUOMData,TABLE
C0000052267P_1_KOR00000000,dbo,CFGPOUOMDescriptions,TABLE
C0000052267P_1_KOR00000000,dbo,CFGPREstClause,TABLE
C0000052267P_1_KOR00000000,dbo,CFGPREstService,TABLE
C0000052267P_1_KOR00000000,dbo,CFGPREstServiceCompany,TABLE
C0000052267P_1_KOR00000000,dbo,CFGPRResponsibilityData,TABLE
C0000052267P_1_KOR00000000,dbo,CFGPRResponsibilityDescriptions,TABLE
C0000052267P_1_KOR00000000,dbo,CFGPRSelectedStages,TABLE
C0000052267P_1_KOR00000000,dbo,CFGPYAccrualsData,TABLE
C0000052267P_1_KOR00000000,dbo,CFGPYAccrualsDescriptions,TABLE
C0000052267P_1_KOR00000000,dbo,CFGPYContribution,TABLE
C0000052267P_1_KOR00000000,dbo,CFGPYContributionRate,TABLE
C0000052267P_1_KOR00000000,dbo,CFGPYContributionRateTable,TABLE
C0000052267P_1_KOR00000000,dbo,CFGPYContributionWage,TABLE
C0000052267P_1_KOR00000000,dbo,CFGPYFormQuarterly,TABLE
C0000052267P_1_KOR00000000,dbo,CFGPYFormW2,TABLE
C0000052267P_1_KOR00000000,dbo,CFGPYMain,TABLE
C0000052267P_1_KOR00000000,dbo,CFGPYWHCodes,TABLE
C0000052267P_1_KOR00000000,dbo,CFGPYWHCodesWage,TABLE
C0000052267P_1_KOR00000000,dbo,CFGPYWHMethodData,TABLE
C0000052267P_1_KOR00000000,dbo,CFGPYWHMethodDescriptions,TABLE
C0000052267P_1_KOR00000000,dbo,CFGPYWHTypeData,TABLE
C0000052267P_1_KOR00000000,dbo,CFGPYWHTypeDescriptions,TABLE
C0000052267P_1_KOR00000000,dbo,CFGPostControl,TABLE
C0000052267P_1_KOR00000000,dbo,CFGPostControlIntercompany,TABLE
C0000052267P_1_KOR00000000,dbo,CFGPrefixData,TABLE
C0000052267P_1_KOR00000000,dbo,CFGPrefixDescriptions,TABLE
C0000052267P_1_KOR00000000,dbo,CFGPrimarySpecialtyData,TABLE
C0000052267P_1_KOR00000000,dbo,CFGPrimarySpecialtyDescriptions,TABLE
C0000052267P_1_KOR00000000,dbo,CFGProbabilityData,TABLE
C0000052267P_1_KOR00000000,dbo,CFGProbabilityDescriptions,TABLE
C0000052267P_1_KOR00000000,dbo,CFGProjRevenueDefaults,TABLE
C0000052267P_1_KOR00000000,dbo,CFGProjRevenueTemplateDetail,TABLE
C0000052267P_1_KOR00000000,dbo,CFGProjRevenueTemplateMaster,TABLE
C0000052267P_1_KOR00000000,dbo,CFGProjectCodeData,TABLE
C0000052267P_1_KOR00000000,dbo,CFGProjectCodeDescriptions,TABLE
C0000052267P_1_KOR00000000,dbo,CFGProjectMilestoneData,TABLE
C0000052267P_1_KOR00000000,dbo,CFGProjectMilestoneDescriptions,TABLE
C0000052267P_1_KOR00000000,dbo,CFGProjectStageData,TABLE
C0000052267P_1_KOR00000000,dbo,CFGProjectStageDescriptions,TABLE
C0000052267P_1_KOR00000000,dbo,CFGProjectStatusData,TABLE
C0000052267P_1_KOR00000000,dbo,CFGProjectStatusDescriptions,TABLE
C0000052267P_1_KOR00000000,dbo,CFGProjectTemplateData,TABLE
C0000052267P_1_KOR00000000,dbo,CFGProjectTemplateDescriptions,TABLE
C0000052267P_1_KOR00000000,dbo,CFGProjectTypeData,TABLE
C0000052267P_1_KOR00000000,dbo,CFGProjectTypeDescriptions,TABLE
C0000052267P_1_KOR00000000,dbo,CFGProposalCategoryData,TABLE
C0000052267P_1_KOR00000000,dbo,CFGProposalCategoryDescriptions,TABLE
C0000052267P_1_KOR00000000,dbo,CFGProposalSourceData,TABLE
C0000052267P_1_KOR00000000,dbo,CFGProposalSourceDescriptions,TABLE
C0000052267P_1_KOR00000000,dbo,CFGProposalStatusData,TABLE
C0000052267P_1_KOR00000000,dbo,CFGProposalStatusDescriptions,TABLE
C0000052267P_1_KOR00000000,dbo,CFGProposalTypeData,TABLE
C0000052267P_1_KOR00000000,dbo,CFGProposalTypeDescriptions,TABLE
C0000052267P_1_KOR00000000,dbo,CFGQueryTimeout,TABLE
C0000052267P_1_KOR00000000,dbo,CFGQuickBooks,TABLE
C0000052267P_1_KOR00000000,dbo,CFGRGFormulas,TABLE
C0000052267P_1_KOR00000000,dbo,CFGRGMethodsData,TABLE
C0000052267P_1_KOR00000000,dbo,CFGRGMethodsDescriptions,TABLE
C0000052267P_1_KOR00000000,dbo,CFGRMSearchFields,TABLE
C0000052267P_1_KOR00000000,dbo,CFGRMSettings,TABLE
C0000052267P_1_KOR00000000,dbo,CFGRPGridColumns,TABLE
C0000052267P_1_KOR00000000,dbo,CFGRaceData,TABLE
C0000052267P_1_KOR00000000,dbo,CFGRaceDescriptions,TABLE
C0000052267P_1_KOR00000000,dbo,CFGRealizationAllocationAccounts,TABLE
C0000052267P_1_KOR00000000,dbo,CFGResourcePlanning,TABLE
C0000052267P_1_KOR00000000,dbo,CFGResumeCategoryData,TABLE
C0000052267P_1_KOR00000000,dbo,CFGResumeCategoryDescriptions,TABLE
C0000052267P_1_KOR00000000,dbo,CFGSOCCodeData,TABLE
C0000052267P_1_KOR00000000,dbo,CFGSOCCodeDescriptions,TABLE
C0000052267P_1_KOR00000000,dbo,CFGSalesforceMapping,TABLE
C0000052267P_1_KOR00000000,dbo,CFGScreenDesignerData,TABLE
C0000052267P_1_KOR00000000,dbo,CFGScreenDesignerLabels,TABLE
C0000052267P_1_KOR00000000,dbo,CFGSecurity,TABLE
C0000052267P_1_KOR00000000,dbo,CFGServProCostGroup,TABLE
C0000052267P_1_KOR00000000,dbo,CFGServProFeeBands,TABLE
C0000052267P_1_KOR00000000,dbo,CFGServProFuncGroup,TABLE
C0000052267P_1_KOR00000000,dbo,CFGServProServPhaseData,TABLE
C0000052267P_1_KOR00000000,dbo,CFGServProServPhaseDescriptions,TABLE
C0000052267P_1_KOR00000000,dbo,CFGServiceProfileCompanyMapping,TABLE
C0000052267P_1_KOR00000000,dbo,CFGServiceProfileData,TABLE
C0000052267P_1_KOR00000000,dbo,CFGServiceProfileDescriptions,TABLE
C0000052267P_1_KOR00000000,dbo,CFGSetupStatus,TABLE
C0000052267P_1_KOR00000000,dbo,CFGStateID,TABLE
C0000052267P_1_KOR00000000,dbo,CFGStatesData,TABLE
C0000052267P_1_KOR00000000,dbo,CFGStatesDescriptions,TABLE
C0000052267P_1_KOR00000000,dbo,CFGSuffixData,TABLE
C0000052267P_1_KOR00000000,dbo,CFGSuffixDescriptions,TABLE
C0000052267P_1_KOR00000000,dbo,CFGSync,TABLE
C0000052267P_1_KOR00000000,dbo,CFGTKCategory,TABLE
C0000052267P_1_KOR00000000,dbo,CFGTKEmployeeGroup,TABLE
C0000052267P_1_KOR00000000,dbo,CFGTKMain,TABLE
C0000052267P_1_KOR00000000,dbo,CFGTalentIntegrationMapping,TABLE
C0000052267P_1_KOR00000000,dbo,CFGTaxCodeStatusData,TABLE
C0000052267P_1_KOR00000000,dbo,CFGTaxCodeStatusDescriptions,TABLE
C0000052267P_1_KOR00000000,dbo,CFGTaxCountryRegion,TABLE
C0000052267P_1_KOR00000000,dbo,CFGTimeAnalysis,TABLE
C0000052267P_1_KOR00000000,dbo,CFGTimeAnalysisHeadingsData,TABLE
C0000052267P_1_KOR00000000,dbo,CFGTimeAnalysisHeadingsDescriptions,TABLE
C0000052267P_1_KOR00000000,dbo,CFGTransApprover,TABLE
C0000052267P_1_KOR00000000,dbo,CFGTransAutoNumBank,TABLE
C0000052267P_1_KOR00000000,dbo,CFGTransAutoNumType,TABLE
C0000052267P_1_KOR00000000,dbo,CFGTransCustomFields,TABLE
C0000052267P_1_KOR00000000,dbo,CFGTransEmployee,TABLE
C0000052267P_1_KOR00000000,dbo,CFGTransStatusData,TABLE
C0000052267P_1_KOR00000000,dbo,CFGTransStatusDescriptions,TABLE
C0000052267P_1_KOR00000000,dbo,CFGUMConversion,TABLE
C0000052267P_1_KOR00000000,dbo,CFGUnitStatusData,TABLE
C0000052267P_1_KOR00000000,dbo,CFGUnitStatusDescriptions,TABLE
C0000052267P_1_KOR00000000,dbo,CFGUnitTableCodeData,TABLE
C0000052267P_1_KOR00000000,dbo,CFGUnitTableCodeDescriptions,TABLE
C0000052267P_1_KOR00000000,dbo,CFGUnitTypeData,TABLE
C0000052267P_1_KOR00000000,dbo,CFGUnitTypeDescriptions,TABLE
C0000052267P_1_KOR00000000,dbo,CFGUpgradeCheck,TABLE
C0000052267P_1_KOR00000000,dbo,CFGUserLabels,TABLE
C0000052267P_1_KOR00000000,dbo,CFGUserRequired,TABLE
C0000052267P_1_KOR00000000,dbo,CFGVendorRoleData,TABLE
C0000052267P_1_KOR00000000,dbo,CFGVendorRoleDescriptions,TABLE
C0000052267P_1_KOR00000000,dbo,CFGVendorTypeAPLiability,TABLE
C0000052267P_1_KOR00000000,dbo,CFGVendorTypeData,TABLE
C0000052267P_1_KOR00000000,dbo,CFGVendorTypeDescriptions,TABLE
C0000052267P_1_KOR00000000,dbo,CFGVeteranData,TABLE
C0000052267P_1_KOR00000000,dbo,CFGVeteranDescriptions,TABLE
C0000052267P_1_KOR00000000,dbo,CFGVisionSystem,TABLE
C0000052267P_1_KOR00000000,dbo,CFGWSSFolders,TABLE
C0000052267P_1_KOR00000000,dbo,CFGWSSLists,TABLE
C0000052267P_1_KOR00000000,dbo,CFGWSSSites,TABLE
C0000052267P_1_KOR00000000,dbo,CFGWebService,TABLE
C0000052267P_1_KOR00000000,dbo,CFGWorkersCompClassCodeData,TABLE
C0000052267P_1_KOR00000000,dbo,CFGWorkersCompClassCodeDescriptions,TABLE
C0000052267P_1_KOR00000000,dbo,CFGXCharge,TABLE
C0000052267P_1_KOR00000000,dbo,CLActivity,TABLE
C0000052267P_1_KOR00000000,dbo,CLAddress,TABLE
C0000052267P_1_KOR00000000,dbo,CLSubscr,TABLE
C0000052267P_1_KOR00000000,dbo,CMOCustomPackages,TABLE
C0000052267P_1_KOR00000000,dbo,CR,TABLE
C0000052267P_1_KOR00000000,dbo,CVDocuments,TABLE
C0000052267P_1_KOR00000000,dbo,CVDocumentsDetail,TABLE
C0000052267P_1_KOR00000000,dbo,ChangeDataCapture,TABLE
C0000052267P_1_KOR00000000,dbo,ClarityDashpart,TABLE
C0000052267P_1_KOR00000000,dbo,Clendor,TABLE
C0000052267P_1_KOR00000000,dbo,ClendorProjectAssoc,TABLE
C0000052267P_1_KOR00000000,dbo,ClendorProjectAssocTemplate,TABLE
C0000052267P_1_KOR00000000,dbo,ClientAlias,TABLE
C0000052267P_1_KOR00000000,dbo,ClientCustomTabFields,TABLE
C0000052267P_1_KOR00000000,dbo,ClientFileLinks,TABLE
C0000052267P_1_KOR00000000,dbo,ClientFromContacts,TABLE
C0000052267P_1_KOR00000000,dbo,ClientPhoto,TABLE
C0000052267P_1_KOR00000000,dbo,ClientToClientAssoc,TABLE
C0000052267P_1_KOR00000000,dbo,ClientsideSettings,TABLE
C0000052267P_1_KOR00000000,dbo,CompanyItem,TABLE
C0000052267P_1_KOR00000000,dbo,CompanyPOCategory,TABLE
C0000052267P_1_KOR00000000,dbo,CompressLog,TABLE
C0000052267P_1_KOR00000000,dbo,ConsolidationBudgets,TABLE
C0000052267P_1_KOR00000000,dbo,ConsolidationBudgetsDetail,TABLE
C0000052267P_1_KOR00000000,dbo,Consolidations,TABLE
C0000052267P_1_KOR00000000,dbo,ContactActivity,TABLE
C0000052267P_1_KOR00000000,dbo,ContactCustomTabFields,TABLE
C0000052267P_1_KOR00000000,dbo,ContactFileLinks,TABLE
C0000052267P_1_KOR00000000,dbo,ContactMoreInfo,TABLE
C0000052267P_1_KOR00000000,dbo,ContactPhoto,TABLE
C0000052267P_1_KOR00000000,dbo,ContactStatusData,TABLE
C0000052267P_1_KOR00000000,dbo,ContactStatusDescriptions,TABLE
C0000052267P_1_KOR00000000,dbo,ContactSubscr,TABLE
C0000052267P_1_KOR00000000,dbo,ContactToContactAssoc,TABLE
C0000052267P_1_KOR00000000,dbo,Contacts,TABLE
C0000052267P_1_KOR00000000,dbo,ContractCredit,TABLE
C0000052267P_1_KOR00000000,dbo,ContractCreditTemplate,TABLE
C0000052267P_1_KOR00000000,dbo,ContractDetails,TABLE
C0000052267P_1_KOR00000000,dbo,ContractDetailsTemplate,TABLE
C0000052267P_1_KOR00000000,dbo,Contracts,TABLE
C0000052267P_1_KOR00000000,dbo,ContractsTemplate,TABLE
C0000052267P_1_KOR00000000,dbo,CostCT,TABLE
C0000052267P_1_KOR00000000,dbo,CostCTCats,TABLE
C0000052267P_1_KOR00000000,dbo,CostCTEmpls,TABLE
C0000052267P_1_KOR00000000,dbo,CostLT,TABLE
C0000052267P_1_KOR00000000,dbo,CostLTCodes,TABLE
C0000052267P_1_KOR00000000,dbo,CostRT,TABLE
C0000052267P_1_KOR00000000,dbo,CostRTEmpls,TABLE
C0000052267P_1_KOR00000000,dbo,CreditCardImport,TABLE
C0000052267P_1_KOR00000000,dbo,CreditCardTransaction,TABLE
C0000052267P_1_KOR00000000,dbo,CustomColumnMappings,TABLE
C0000052267P_1_KOR00000000,dbo,CustomDashboard,TABLE
C0000052267P_1_KOR00000000,dbo,CustomDashboardTab,TABLE
C0000052267P_1_KOR00000000,dbo,CustomDashboardTabSecurity,TABLE
C0000052267P_1_KOR00000000,dbo,CustomDashpart,TABLE
C0000052267P_1_KOR00000000,dbo,CustomDashpartCache,TABLE
C0000052267P_1_KOR00000000,dbo,CustomDashpartCalculation,TABLE
C0000052267P_1_KOR00000000,dbo,CustomDashpartLayout,TABLE
C0000052267P_1_KOR00000000,dbo,CustomIntegration,TABLE
C0000052267P_1_KOR00000000,dbo,CustomIntegrationTask,TABLE
C0000052267P_1_KOR00000000,dbo,CustomIntegrationTaskAudit,TABLE
C0000052267P_1_KOR00000000,dbo,CustomProposal,TABLE
C0000052267P_1_KOR00000000,dbo,CustomProposalClient,TABLE
C0000052267P_1_KOR00000000,dbo,CustomProposalClientGraphics,TABLE
C0000052267P_1_KOR00000000,dbo,CustomProposalContact,TABLE
C0000052267P_1_KOR00000000,dbo,CustomProposalElements,TABLE
C0000052267P_1_KOR00000000,dbo,CustomProposalEmployee,TABLE
C0000052267P_1_KOR00000000,dbo,CustomProposalEmployeeGraphics,TABLE
C0000052267P_1_KOR00000000,dbo,CustomProposalFiles,TABLE
C0000052267P_1_KOR00000000,dbo,CustomProposalImages,TABLE
C0000052267P_1_KOR00000000,dbo,CustomProposalMktCampaign,TABLE
C0000052267P_1_KOR00000000,dbo,CustomProposalMktCampaignGraphics,TABLE
C0000052267P_1_KOR00000000,dbo,CustomProposalOrder,TABLE
C0000052267P_1_KOR00000000,dbo,CustomProposalPages,TABLE
C0000052267P_1_KOR00000000,dbo,CustomProposalProjTeam,TABLE
C0000052267P_1_KOR00000000,dbo,CustomProposalProject,TABLE
C0000052267P_1_KOR00000000,dbo,CustomProposalProjectGraphics,TABLE
C0000052267P_1_KOR00000000,dbo,CustomProposalSubscr,TABLE
C0000052267P_1_KOR00000000,dbo,CustomProposalTextLibGraphics,TABLE
C0000052267P_1_KOR00000000,dbo,CustomProposalTextLibrary,TABLE
C0000052267P_1_KOR00000000,dbo,CustomProposalVendor,TABLE
C0000052267P_1_KOR00000000,dbo,CustomProposalVendorGraphics,TABLE
C0000052267P_1_KOR00000000,dbo,CustomRepLookupData,TABLE
C0000052267P_1_KOR00000000,dbo,CustomRepOptCaptions,TABLE
C0000052267P_1_KOR00000000,dbo,CustomRepOptsData,TABLE
C0000052267P_1_KOR00000000,dbo,DLTK_COMMANDLOG,TABLE
C0000052267P_1_KOR00000000,dbo,DLTK_INDEXFF,TABLE
C0000052267P_1_KOR00000000,dbo,DLTK_NCINDEXES,TABLE
C0000052267P_1_KOR00000000,dbo,DashLayoutPart,TABLE
C0000052267P_1_KOR00000000,dbo,DashLayoutUser,TABLE
C0000052267P_1_KOR00000000,dbo,DashPartsData,TABLE
C0000052267P_1_KOR00000000,dbo,DashPartsDescriptions,TABLE
C0000052267P_1_KOR00000000,dbo,DashboardLookupOptions,TABLE
C0000052267P_1_KOR00000000,dbo,DashboardURLParts,TABLE
C0000052267P_1_KOR00000000,dbo,DashboardUser,TABLE
C0000052267P_1_KOR00000000,dbo,DataSource,TABLE
C0000052267P_1_KOR00000000,dbo,DataSourceExport,TABLE
C0000052267P_1_KOR00000000,dbo,DataSourceExportAudit,TABLE
C0000052267P_1_KOR00000000,dbo,DataSourceTarget,TABLE
C0000052267P_1_KOR00000000,dbo,Days,TABLE
C0000052267P_1_KOR00000000,dbo,DocumentTemplateSecurity,TABLE
C0000052267P_1_KOR00000000,dbo,DocumentsCL,TABLE
C0000052267P_1_KOR00000000,dbo,DocumentsContacts,TABLE
C0000052267P_1_KOR00000000,dbo,DocumentsEM,TABLE
C0000052267P_1_KOR00000000,dbo,DocumentsMktCampaign,TABLE
C0000052267P_1_KOR00000000,dbo,DocumentsPR,TABLE
C0000052267P_1_KOR00000000,dbo,DocumentsTextLibrary,TABLE
C0000052267P_1_KOR00000000,dbo,DocumentsVE,TABLE
C0000052267P_1_KOR00000000,dbo,EB,TABLE
C0000052267P_1_KOR00000000,dbo,EKDocuments,TABLE
C0000052267P_1_KOR00000000,dbo,EKDocumentsDetail,TABLE
C0000052267P_1_KOR00000000,dbo,EMAccrual,TABLE
C0000052267P_1_KOR00000000,dbo,EMAccrualDetail,TABLE
C0000052267P_1_KOR00000000,dbo,EMActivity,TABLE
C0000052267P_1_KOR00000000,dbo,EMActivityOccurrence,TABLE
C0000052267P_1_KOR00000000,dbo,EMCitizenship,TABLE
C0000052267P_1_KOR00000000,dbo,EMClientAssoc,TABLE
C0000052267P_1_KOR00000000,dbo,EMCompany,TABLE
C0000052267P_1_KOR00000000,dbo,EMContactAssoc,TABLE
C0000052267P_1_KOR00000000,dbo,EMDegree,TABLE
C0000052267P_1_KOR00000000,dbo,EMDirectDeposit,TABLE
C0000052267P_1_KOR00000000,dbo,EMDirectDepositDetail,TABLE
C0000052267P_1_KOR00000000,dbo,EMEKGroups,TABLE
C0000052267P_1_KOR00000000,dbo,EMLocale,TABLE
C0000052267P_1_KOR00000000,dbo,EMMain,TABLE
C0000052267P_1_KOR00000000,dbo,EMPayroll,TABLE
C0000052267P_1_KOR00000000,dbo,EMPayrollContribution,TABLE
C0000052267P_1_KOR00000000,dbo,EMPayrollContributionDetail,TABLE
C0000052267P_1_KOR00000000,dbo,EMPayrollContributionDetailWage,TABLE
C0000052267P_1_KOR00000000,dbo,EMPayrollContributionWage,TABLE
C0000052267P_1_KOR00000000,dbo,EMPayrollDetail,TABLE
C0000052267P_1_KOR00000000,dbo,EMPayrollWithholding,TABLE
C0000052267P_1_KOR00000000,dbo,EMPayrollWithholdingDetail,TABLE
C0000052267P_1_KOR00000000,dbo,EMPayrollWithholdingDetailWage,TABLE
C0000052267P_1_KOR00000000,dbo,EMPayrollWithholdingWage,TABLE
C0000052267P_1_KOR00000000,dbo,EMPhoto,TABLE
C0000052267P_1_KOR00000000,dbo,EMProjectAssoc,TABLE
C0000052267P_1_KOR00000000,dbo,EMProjectAssocTemplate,TABLE
C0000052267P_1_KOR00000000,dbo,EMRegistration,TABLE
C0000052267P_1_KOR00000000,dbo,EMResume,TABLE
C0000052267P_1_KOR00000000,dbo,EMSkills,TABLE
C0000052267P_1_KOR00000000,dbo,EMSubscr,TABLE
C0000052267P_1_KOR00000000,dbo,EMTKGroups,TABLE
C0000052267P_1_KOR00000000,dbo,EQICBooks,TABLE
C0000052267P_1_KOR00000000,dbo,EQICCost,TABLE
C0000052267P_1_KOR00000000,dbo,EQICEMAssoc,TABLE
C0000052267P_1_KOR00000000,dbo,EQUnit,TABLE
C0000052267P_1_KOR00000000,dbo,ETChargeGroupMP,TABLE
C0000052267P_1_KOR00000000,dbo,ETLDeletedLog,TABLE
C0000052267P_1_KOR00000000,dbo,ETLTableVersion,TABLE
C0000052267P_1_KOR00000000,dbo,ETLeaveMP,TABLE
C0000052267P_1_KOR00000000,dbo,ETMapping,TABLE
C0000052267P_1_KOR00000000,dbo,EX,TABLE
C0000052267P_1_KOR00000000,dbo,EXAdvance,TABLE
C0000052267P_1_KOR00000000,dbo,Eliminations,TABLE
C0000052267P_1_KOR00000000,dbo,EliminationsDetail,TABLE
C0000052267P_1_KOR00000000,dbo,EmailTemplateFiles,TABLE
C0000052267P_1_KOR00000000,dbo,EmailTemplates,TABLE
C0000052267P_1_KOR00000000,dbo,EmployeeCustomTabFields,TABLE
C0000052267P_1_KOR00000000,dbo,EmployeeFileLinks,TABLE
C0000052267P_1_KOR00000000,dbo,EmployeeRealizationDetailWk,TABLE
C0000052267P_1_KOR00000000,dbo,EmployeeRealizationWk,TABLE
C0000052267P_1_KOR00000000,dbo,Employees_BenefitNumbers,TABLE
C0000052267P_1_KOR00000000,dbo,Employees_CustEmployeeVehicleInformation,TABLE
C0000052267P_1_KOR00000000,dbo,Employees_CustOfficeSchedule,TABLE
C0000052267P_1_KOR00000000,dbo,Employees_Dependants,TABLE
C0000052267P_1_KOR00000000,dbo,Employees_EmergencyContact,TABLE
C0000052267P_1_KOR00000000,dbo,Employees_SalaryHistory,TABLE
C0000052267P_1_KOR00000000,dbo,Equipment,TABLE
C0000052267P_1_KOR00000000,dbo,EquipmentCustomTabFields,TABLE
C0000052267P_1_KOR00000000,dbo,EquipmentFileLinks,TABLE
C0000052267P_1_KOR00000000,dbo,EquipmentPhoto,TABLE
C0000052267P_1_KOR00000000,dbo,EquipmentSubscr,TABLE
C0000052267P_1_KOR00000000,dbo,ExportFiles,TABLE
C0000052267P_1_KOR00000000,dbo,ExportMergeTemplate,TABLE
C0000052267P_1_KOR00000000,dbo,FW_Attachments,TABLE
C0000052267P_1_KOR00000000,dbo,FW_CFGAttachmentCategoryData,TABLE
C0000052267P_1_KOR00000000,dbo,FW_CFGAttachmentCategoryDesc,TABLE
C0000052267P_1_KOR00000000,dbo,FW_CFGCountryData,TABLE
C0000052267P_1_KOR00000000,dbo,FW_CFGCountryDesc,TABLE
C0000052267P_1_KOR00000000,dbo,FW_CFGCurrencyData,TABLE
C0000052267P_1_KOR00000000,dbo,FW_CFGCurrencyDesc,TABLE
C0000052267P_1_KOR00000000,dbo,FW_CFGDataPackData,TABLE
C0000052267P_1_KOR00000000,dbo,FW_CFGDataPackDesc,TABLE
C0000052267P_1_KOR00000000,dbo,FW_CFGEnabledCurrencies,TABLE
C0000052267P_1_KOR00000000,dbo,FW_CFGEnabledLanguages,TABLE
C0000052267P_1_KOR00000000,dbo,FW_CFGGridSettings,TABLE
C0000052267P_1_KOR00000000,dbo,FW_CFGLabelData,TABLE
C0000052267P_1_KOR00000000,dbo,FW_CFGPhoneFormatData,TABLE
C0000052267P_1_KOR00000000,dbo,FW_CFGPhoneFormatDesc,TABLE
C0000052267P_1_KOR00000000,dbo,FW_CFGProcessQueue,TABLE
C0000052267P_1_KOR00000000,dbo,FW_CFGProcessQueueSetup,TABLE
C0000052267P_1_KOR00000000,dbo,FW_CFGSysConfig,TABLE
C0000052267P_1_KOR00000000,dbo,FW_CFGSystem,TABLE
C0000052267P_1_KOR00000000,dbo,FW_CFGUserAppSelections,TABLE
C0000052267P_1_KOR00000000,dbo,FW_CFGUserLabelsOtherData,TABLE
C0000052267P_1_KOR00000000,dbo,FW_CFGUserLabelsOtherDesc,TABLE
C0000052267P_1_KOR00000000,dbo,FW_CFGUserSettingsData,TABLE
C0000052267P_1_KOR00000000,dbo,FW_CFGUserSettingsLabels,TABLE
C0000052267P_1_KOR00000000,dbo,FW_CustomColumnCaptions,TABLE
C0000052267P_1_KOR00000000,dbo,FW_CustomColumnValuesData,TABLE
C0000052267P_1_KOR00000000,dbo,FW_CustomColumnsData,TABLE
C0000052267P_1_KOR00000000,dbo,FW_CustomFile,TABLE
C0000052267P_1_KOR00000000,dbo,FW_CustomGridCaptions,TABLE
C0000052267P_1_KOR00000000,dbo,FW_CustomGridsData,TABLE
C0000052267P_1_KOR00000000,dbo,FW_CustomNavTreeData,TABLE
C0000052267P_1_KOR00000000,dbo,FW_CustomNavTreeLabels,TABLE
C0000052267P_1_KOR00000000,dbo,FW_CustomResource,TABLE
C0000052267P_1_KOR00000000,dbo,FW_DashPart,TABLE
C0000052267P_1_KOR00000000,dbo,FW_DashPartAppLinks,TABLE
C0000052267P_1_KOR00000000,dbo,FW_DashPartLinks,TABLE
C0000052267P_1_KOR00000000,dbo,FW_DashPartLookupOptions,TABLE
C0000052267P_1_KOR00000000,dbo,FW_Dashboard,TABLE
C0000052267P_1_KOR00000000,dbo,FW_DetailJobStatus,TABLE
C0000052267P_1_KOR00000000,dbo,FW_DetailJobs,TABLE
C0000052267P_1_KOR00000000,dbo,FW_DetailProfiles,TABLE
C0000052267P_1_KOR00000000,dbo,FW_DisplaySettingsData,TABLE
C0000052267P_1_KOR00000000,dbo,FW_DisplaySettingsDesc,TABLE
C0000052267P_1_KOR00000000,dbo,FW_EmailLog,TABLE
C0000052267P_1_KOR00000000,dbo,FW_Files,TABLE
C0000052267P_1_KOR00000000,dbo,FW_FilesRag,TABLE
C0000052267P_1_KOR00000000,dbo,FW_InfoCenterTabHeadings,TABLE
C0000052267P_1_KOR00000000,dbo,FW_InfoCenterTabsData,TABLE
C0000052267P_1_KOR00000000,dbo,FW_LookupOptions,TABLE
C0000052267P_1_KOR00000000,dbo,FW_MasterJobs,TABLE
C0000052267P_1_KOR00000000,dbo,FW_MasterProfiles,TABLE
C0000052267P_1_KOR00000000,dbo,FW_ReportArchiveHistory,TABLE
C0000052267P_1_KOR00000000,dbo,FW_ReportCustomColumns,TABLE
C0000052267P_1_KOR00000000,dbo,FW_ReportFavorites,TABLE
C0000052267P_1_KOR00000000,dbo,FW_ReportGroups,TABLE
C0000052267P_1_KOR00000000,dbo,FW_ReportImage,TABLE
C0000052267P_1_KOR00000000,dbo,FW_ReportOptions,TABLE
C0000052267P_1_KOR00000000,dbo,FW_ReportPrinterPageSizes,TABLE
C0000052267P_1_KOR00000000,dbo,FW_ReportPrinterPaperTrays,TABLE
C0000052267P_1_KOR00000000,dbo,FW_ReportPrinters,TABLE
C0000052267P_1_KOR00000000,dbo,FW_ReportSubscr,TABLE
C0000052267P_1_KOR00000000,dbo,FW_SEUserOptions,TABLE
C0000052267P_1_KOR00000000,dbo,FW_TextNotTranslated,TABLE
C0000052267P_1_KOR00000000,dbo,FW_UDICData,TABLE
C0000052267P_1_KOR00000000,dbo,FW_UDICLocalized,TABLE
C0000052267P_1_KOR00000000,dbo,FW_UserActivity,TABLE
C0000052267P_1_KOR00000000,dbo,FileDownloadUsers,TABLE
C0000052267P_1_KOR00000000,dbo,FileDownloads,TABLE
C0000052267P_1_KOR00000000,dbo,Firm,TABLE
C0000052267P_1_KOR00000000,dbo,FirmDisciplinesSF330,TABLE
C0000052267P_1_KOR00000000,dbo,FirmFormerParent,TABLE
C0000052267P_1_KOR00000000,dbo,FirmOrgAssociations,TABLE
C0000052267P_1_KOR00000000,dbo,FirmProjectCodesSF330,TABLE
C0000052267P_1_KOR00000000,dbo,FirmServiceFees,TABLE
C0000052267P_1_KOR00000000,dbo,Form1099Data,TABLE
C0000052267P_1_KOR00000000,dbo,FormQuarterlyData,TABLE
C0000052267P_1_KOR00000000,dbo,FormW2Data,TABLE
C0000052267P_1_KOR00000000,dbo,GLGroup,TABLE
C0000052267P_1_KOR00000000,dbo,GLGroupDetail,TABLE
C0000052267P_1_KOR00000000,dbo,GLGroupHeading,TABLE
C0000052267P_1_KOR00000000,dbo,GLParentDetail,TABLE
C0000052267P_1_KOR00000000,dbo,GLParentGroup,TABLE
C0000052267P_1_KOR00000000,dbo,GLParentHeading,TABLE
C0000052267P_1_KOR00000000,dbo,GLSummary,TABLE
C0000052267P_1_KOR00000000,dbo,GLTable,TABLE
C0000052267P_1_KOR00000000,dbo,GR,TABLE
C0000052267P_1_KOR00000000,dbo,GRSkills,TABLE
C0000052267P_1_KOR00000000,dbo,ICBillExpDetail,TABLE
C0000052267P_1_KOR00000000,dbo,ICBillInvMaster,TABLE
C0000052267P_1_KOR00000000,dbo,ICBillInvSums,TABLE
C0000052267P_1_KOR00000000,dbo,ICBillLabDetail,TABLE
C0000052267P_1_KOR00000000,dbo,ICBillTaxDetail,TABLE
C0000052267P_1_KOR00000000,dbo,ICBillingWK,TABLE
C0000052267P_1_KOR00000000,dbo,IQItem,TABLE
C0000052267P_1_KOR00000000,dbo,ImportDetail,TABLE
C0000052267P_1_KOR00000000,dbo,ImportMaster,TABLE
C0000052267P_1_KOR00000000,dbo,IntegrationLog,TABLE
C0000052267P_1_KOR00000000,dbo,IntegrationWSLog,TABLE
C0000052267P_1_KOR00000000,dbo,IntegrationWSLogStatus,TABLE
C0000052267P_1_KOR00000000,dbo,InvDetail,TABLE
C0000052267P_1_KOR00000000,dbo,InvMaster,TABLE
C0000052267P_1_KOR00000000,dbo,Inventory,TABLE
C0000052267P_1_KOR00000000,dbo,InvoiceApproval,TABLE
C0000052267P_1_KOR00000000,dbo,InvoiceApprovalActions,TABLE
C0000052267P_1_KOR00000000,dbo,InvoiceApprover,TABLE
C0000052267P_1_KOR00000000,dbo,InvoiceDraftAnnotationActions,TABLE
C0000052267P_1_KOR00000000,dbo,InvoiceVoid,TABLE
C0000052267P_1_KOR00000000,dbo,ItemData,TABLE
C0000052267P_1_KOR00000000,dbo,ItemDescriptions,TABLE
C0000052267P_1_KOR00000000,dbo,ItemPhoto,TABLE
C0000052267P_1_KOR00000000,dbo,ItemRequestDetail,TABLE
C0000052267P_1_KOR00000000,dbo,ItemRequestMaster,TABLE
C0000052267P_1_KOR00000000,dbo,ItemRequestVendorDetail,TABLE
C0000052267P_1_KOR00000000,dbo,ItemUMConversion,TABLE
C0000052267P_1_KOR00000000,dbo,JEDocuments,TABLE
C0000052267P_1_KOR00000000,dbo,JEDocumentsDetail,TABLE
C0000052267P_1_KOR00000000,dbo,JobTitles,TABLE
C0000052267P_1_KOR00000000,dbo,KeyConvertDriver,TABLE
C0000052267P_1_KOR00000000,dbo,KeyConvertLog,TABLE
C0000052267P_1_KOR00000000,dbo,KeyConvertWork,TABLE
C0000052267P_1_KOR00000000,dbo,KeyConvertWorkGR,TABLE
C0000052267P_1_KOR00000000,dbo,KeyConvertWorkPROrg,TABLE
C0000052267P_1_KOR00000000,dbo,LB,TABLE
C0000052267P_1_KOR00000000,dbo,LD,TABLE
C0000052267P_1_KOR00000000,dbo,LDCustomFields,TABLE
C0000052267P_1_KOR00000000,dbo,LedgerAP,TABLE
C0000052267P_1_KOR00000000,dbo,LedgerAPTax,TABLE
C0000052267P_1_KOR00000000,dbo,LedgerAR,TABLE
C0000052267P_1_KOR00000000,dbo,LedgerARTax,TABLE
C0000052267P_1_KOR00000000,dbo,LedgerCustomFields,TABLE
C0000052267P_1_KOR00000000,dbo,LedgerDocuments,TABLE
C0000052267P_1_KOR00000000,dbo,LedgerEX,TABLE
C0000052267P_1_KOR00000000,dbo,LedgerEXTax,TABLE
C0000052267P_1_KOR00000000,dbo,LedgerMisc,TABLE
C0000052267P_1_KOR00000000,dbo,LedgerMiscTax,TABLE
C0000052267P_1_KOR00000000,dbo,LedgerTaxSection,TABLE
C0000052267P_1_KOR00000000,dbo,LookupXmlCache,TABLE
C0000052267P_1_KOR00000000,dbo,MergeFavorites,TABLE
C0000052267P_1_KOR00000000,dbo,MergeTemplateDocuments,TABLE
C0000052267P_1_KOR00000000,dbo,MergeTemplates,TABLE
C0000052267P_1_KOR00000000,dbo,MktCampaign,TABLE
C0000052267P_1_KOR00000000,dbo,MktCampaignClientAssoc,TABLE
C0000052267P_1_KOR00000000,dbo,MktCampaignContactAssoc,TABLE
C0000052267P_1_KOR00000000,dbo,MktCampaignCustomTabFields,TABLE
C0000052267P_1_KOR00000000,dbo,MktCampaignFileLinks,TABLE
C0000052267P_1_KOR00000000,dbo,MktCampaignLeads,TABLE
C0000052267P_1_KOR00000000,dbo,MktCampaignPhoto,TABLE
C0000052267P_1_KOR00000000,dbo,MktCampaignProjectAssoc,TABLE
C0000052267P_1_KOR00000000,dbo,MktCampaignProjectAssocTemplate,TABLE
C0000052267P_1_KOR00000000,dbo,MktCampaignSubscr,TABLE
C0000052267P_1_KOR00000000,dbo,NavigatorSearchCriteria,TABLE
C0000052267P_1_KOR00000000,dbo,NavigatorUserSettings,TABLE
C0000052267P_1_KOR00000000,dbo,Organization,TABLE
C0000052267P_1_KOR00000000,dbo,OverheadAllocation,TABLE
C0000052267P_1_KOR00000000,dbo,PNAccordionFormat,TABLE
C0000052267P_1_KOR00000000,dbo,PNAssignment,TABLE
C0000052267P_1_KOR00000000,dbo,PNBaselineConsultant,TABLE
C0000052267P_1_KOR00000000,dbo,PNBaselineExpenses,TABLE
C0000052267P_1_KOR00000000,dbo,PNBaselineLabor,TABLE
C0000052267P_1_KOR00000000,dbo,PNBaselineRevenueLabor,TABLE
C0000052267P_1_KOR00000000,dbo,PNBaselineUnit,TABLE
C0000052267P_1_KOR00000000,dbo,PNCalendarInterval,TABLE
C0000052267P_1_KOR00000000,dbo,PNConsultant,TABLE
C0000052267P_1_KOR00000000,dbo,PNDependency,TABLE
C0000052267P_1_KOR00000000,dbo,PNExpense,TABLE
C0000052267P_1_KOR00000000,dbo,PNPlan,TABLE
C0000052267P_1_KOR00000000,dbo,PNPlannedConsultant,TABLE
C0000052267P_1_KOR00000000,dbo,PNPlannedExpenses,TABLE
C0000052267P_1_KOR00000000,dbo,PNPlannedLabor,TABLE
C0000052267P_1_KOR00000000,dbo,PNPlannedRevenueLabor,TABLE
C0000052267P_1_KOR00000000,dbo,PNPlannedUnit,TABLE
C0000052267P_1_KOR00000000,dbo,PNSubAssignment,TABLE
C0000052267P_1_KOR00000000,dbo,PNTask,TABLE
C0000052267P_1_KOR00000000,dbo,PNUnit,TABLE
C0000052267P_1_KOR00000000,dbo,PNWBSLevelFormat,TABLE
C0000052267P_1_KOR00000000,dbo,POCOMaster,TABLE
C0000052267P_1_KOR00000000,dbo,POClauses,TABLE
C0000052267P_1_KOR00000000,dbo,POCommitment,TABLE
C0000052267P_1_KOR00000000,dbo,POCostDetail,TABLE
C0000052267P_1_KOR00000000,dbo,PODetail,TABLE
C0000052267P_1_KOR00000000,dbo,PODocuments,TABLE
C0000052267P_1_KOR00000000,dbo,PODocumentsDetail,TABLE
C0000052267P_1_KOR00000000,dbo,POFinalPrint,TABLE
C0000052267P_1_KOR00000000,dbo,POMaster,TABLE
C0000052267P_1_KOR00000000,dbo,POPQCostDetail,TABLE
C0000052267P_1_KOR00000000,dbo,POPQDetail,TABLE
C0000052267P_1_KOR00000000,dbo,POPQDocuments,TABLE
C0000052267P_1_KOR00000000,dbo,POPQDocumentsDetail,TABLE
C0000052267P_1_KOR00000000,dbo,POPQMaster,TABLE
C0000052267P_1_KOR00000000,dbo,POPQVendorDetail,TABLE
C0000052267P_1_KOR00000000,dbo,POPQVendorDocuments,TABLE
C0000052267P_1_KOR00000000,dbo,POPQVendorDocumentsDetail,TABLE
C0000052267P_1_KOR00000000,dbo,POPQWBS,TABLE
C0000052267P_1_KOR00000000,dbo,POPRCostDetail,TABLE
C0000052267P_1_KOR00000000,dbo,POPRDetail,TABLE
C0000052267P_1_KOR00000000,dbo,POPRDocuments,TABLE
C0000052267P_1_KOR00000000,dbo,POPRDocumentsDetail,TABLE
C0000052267P_1_KOR00000000,dbo,POPRMaster,TABLE
C0000052267P_1_KOR00000000,dbo,POPRVendorDetail,TABLE
C0000052267P_1_KOR00000000,dbo,POPRVendorDocuments,TABLE
C0000052267P_1_KOR00000000,dbo,POPRVendorDocumentsDetail,TABLE
C0000052267P_1_KOR00000000,dbo,POPRWBS,TABLE
C0000052267P_1_KOR00000000,dbo,POVoucherDetail,TABLE
C0000052267P_1_KOR00000000,dbo,POVoucherDocuments,TABLE
C0000052267P_1_KOR00000000,dbo,POVoucherDocumentsDetail,TABLE
C0000052267P_1_KOR00000000,dbo,POVoucherMaster,TABLE
C0000052267P_1_KOR00000000,dbo,POWBS,TABLE
C0000052267P_1_KOR00000000,dbo,PR,TABLE
C0000052267P_1_KOR00000000,dbo,PRAdditionalData,TABLE
C0000052267P_1_KOR00000000,dbo,PRAwards,TABLE
C0000052267P_1_KOR00000000,dbo,PRAwardsTemplate,TABLE
C0000052267P_1_KOR00000000,dbo,PRChargeCompanies,TABLE
C0000052267P_1_KOR00000000,dbo,PRChargeCompaniesTemplate,TABLE
C0000052267P_1_KOR00000000,dbo,PRCompetitionAssoc,TABLE
C0000052267P_1_KOR00000000,dbo,PRCompetitionAssocTemplate,TABLE
C0000052267P_1_KOR00000000,dbo,PRConsultant,TABLE
C0000052267P_1_KOR00000000,dbo,PRConsultantTemplate,TABLE
C0000052267P_1_KOR00000000,dbo,PRContactAssoc,TABLE
C0000052267P_1_KOR00000000,dbo,PRContactAssocTemplate,TABLE
C0000052267P_1_KOR00000000,dbo,PRDefaults,TABLE
C0000052267P_1_KOR00000000,dbo,PRDescriptions,TABLE
C0000052267P_1_KOR00000000,dbo,PRDescriptionsTemplate,TABLE
C0000052267P_1_KOR00000000,dbo,PRExpense,TABLE
C0000052267P_1_KOR00000000,dbo,PRExpenseTemplate,TABLE
C0000052267P_1_KOR00000000,dbo,PRF,TABLE
C0000052267P_1_KOR00000000,dbo,PRFECostGroups,TABLE
C0000052267P_1_KOR00000000,dbo,PRFEFuncGroups,TABLE
C0000052267P_1_KOR00000000,dbo,PRFEPhases,TABLE
C0000052267P_1_KOR00000000,dbo,PRFESpecialServices,TABLE
C0000052267P_1_KOR00000000,dbo,PRFileLinks,TABLE
C0000052267P_1_KOR00000000,dbo,PRLabor,TABLE
C0000052267P_1_KOR00000000,dbo,PRLaborTemplate,TABLE
C0000052267P_1_KOR00000000,dbo,PRMilestone,TABLE
C0000052267P_1_KOR00000000,dbo,PRMilestoneTemplate,TABLE
C0000052267P_1_KOR00000000,dbo,PRProjectCodes,TABLE
C0000052267P_1_KOR00000000,dbo,PRProjectCodesTemplate,TABLE
C0000052267P_1_KOR00000000,dbo,PRProposals,TABLE
C0000052267P_1_KOR00000000,dbo,PRProposalsTemplate,TABLE
C0000052267P_1_KOR00000000,dbo,PRRevenue,TABLE
C0000052267P_1_KOR00000000,dbo,PRRevenueTemplate,TABLE
C0000052267P_1_KOR00000000,dbo,PRSubscr,TABLE
C0000052267P_1_KOR00000000,dbo,PRSummaryMain,TABLE
C0000052267P_1_KOR00000000,dbo,PRSummarySub,TABLE
C0000052267P_1_KOR00000000,dbo,PRSummaryWBSList,TABLE
C0000052267P_1_KOR00000000,dbo,PRTemplate,TABLE
C0000052267P_1_KOR00000000,dbo,PRUnit,TABLE
C0000052267P_1_KOR00000000,dbo,PRUnitTemplate,TABLE
C0000052267P_1_KOR00000000,dbo,PRUnlinked,TABLE
C0000052267P_1_KOR00000000,dbo,PYChecks,TABLE
C0000052267P_1_KOR00000000,dbo,PYChecksA,TABLE
C0000052267P_1_KOR00000000,dbo,PYChecksC,TABLE
C0000052267P_1_KOR00000000,dbo,PYChecksCWage,TABLE
C0000052267P_1_KOR00000000,dbo,PYChecksE,TABLE
C0000052267P_1_KOR00000000,dbo,PYChecksW,TABLE
C0000052267P_1_KOR00000000,dbo,PYChecksWWage,TABLE
C0000052267P_1_KOR00000000,dbo,PlaidLog,TABLE
C0000052267P_1_KOR00000000,dbo,PlanningCustomTabFields,TABLE
C0000052267P_1_KOR00000000,dbo,ProjectCustomTabFields,TABLE
C0000052267P_1_KOR00000000,dbo,ProjectCustomTabFieldsTemplate,TABLE
C0000052267P_1_KOR00000000,dbo,ProjectFromContacts,TABLE
C0000052267P_1_KOR00000000,dbo,Projects_BasementWallDesign,TABLE
C0000052267P_1_KOR00000000,dbo,Projects_BasementWallDesignTemplate,TABLE
C0000052267P_1_KOR00000000,dbo,Projects_CodeSchedules,TABLE
C0000052267P_1_KOR00000000,dbo,Projects_CodeSchedulesTemplate,TABLE
C0000052267P_1_KOR00000000,dbo,Projects_ColumnWallDesign,TABLE
C0000052267P_1_KOR00000000,dbo,Projects_ColumnWallDesignTemplate,TABLE
C0000052267P_1_KOR00000000,dbo,Projects_Deadlines,TABLE
C0000052267P_1_KOR00000000,dbo,Projects_DeadlinesTemplate,TABLE
C0000052267P_1_KOR00000000,dbo,Projects_Drawings,TABLE
C0000052267P_1_KOR00000000,dbo,Projects_DrawingsTemplate,TABLE
C0000052267P_1_KOR00000000,dbo,Projects_FoundationDesign,TABLE
C0000052267P_1_KOR00000000,dbo,Projects_FoundationDesignTemplate,TABLE
C0000052267P_1_KOR00000000,dbo,Projects_INPUTAddedBy,TABLE
C0000052267P_1_KOR00000000,dbo,Projects_INPUTAddedByTemplate,TABLE
C0000052267P_1_KOR00000000,dbo,Projects_INPUTKeyContacts,TABLE
C0000052267P_1_KOR00000000,dbo,Projects_INPUTKeyContactsTemplate,TABLE
C0000052267P_1_KOR00000000,dbo,Projects_KeyDates,TABLE
C0000052267P_1_KOR00000000,dbo,Projects_KeyDatesTemplate,TABLE
C0000052267P_1_KOR00000000,dbo,Projects_LateralDesign,TABLE
C0000052267P_1_KOR00000000,dbo,Projects_LateralDesignTemplate,TABLE
C0000052267P_1_KOR00000000,dbo,Projects_ProjectSpecifics,TABLE
C0000052267P_1_KOR00000000,dbo,Projects_ProjectSpecificsTemplate,TABLE
C0000052267P_1_KOR00000000,dbo,Projects_SlabDesign,TABLE
C0000052267P_1_KOR00000000,dbo,Projects_SlabDesignTemplate,TABLE
C0000052267P_1_KOR00000000,dbo,PurchaseOrderCustomTabFields,TABLE
C0000052267P_1_KOR00000000,dbo,PurchaseTemplate,TABLE
C0000052267P_1_KOR00000000,dbo,PurchaseTemplateImages,TABLE
C0000052267P_1_KOR00000000,dbo,PurchaseTemplatePODetail,TABLE
C0000052267P_1_KOR00000000,dbo,PurchaseTemplateRFQDetail,TABLE
C0000052267P_1_KOR00000000,dbo,QBOAccount,TABLE
C0000052267P_1_KOR00000000,dbo,QBODefaultAccountMapping,TABLE
C0000052267P_1_KOR00000000,dbo,QBOTaxCode,TABLE
C0000052267P_1_KOR00000000,dbo,QBOTaxCodePurchaseTaxRate,TABLE
C0000052267P_1_KOR00000000,dbo,QBOTaxCodeSalesTaxRate,TABLE
C0000052267P_1_KOR00000000,dbo,QBOTransRef,TABLE
C0000052267P_1_KOR00000000,dbo,Quantities,TABLE
C0000052267P_1_KOR00000000,dbo,RPAccordionFormat,TABLE
C0000052267P_1_KOR00000000,dbo,RPAssignment,TABLE
C0000052267P_1_KOR00000000,dbo,RPBaselineConsultant,TABLE
C0000052267P_1_KOR00000000,dbo,RPBaselineExpenses,TABLE
C0000052267P_1_KOR00000000,dbo,RPBaselineLabor,TABLE
C0000052267P_1_KOR00000000,dbo,RPBaselineRevenue,TABLE
C0000052267P_1_KOR00000000,dbo,RPBaselineRevenueLabor,TABLE
C0000052267P_1_KOR00000000,dbo,RPBaselineUnit,TABLE
C0000052267P_1_KOR00000000,dbo,RPCalendarInterval,TABLE
C0000052267P_1_KOR00000000,dbo,RPCompensationFee,TABLE
C0000052267P_1_KOR00000000,dbo,RPConsultant,TABLE
C0000052267P_1_KOR00000000,dbo,RPConsultantFee,TABLE
C0000052267P_1_KOR00000000,dbo,RPDependency,TABLE
C0000052267P_1_KOR00000000,dbo,RPEVT,TABLE
C0000052267P_1_KOR00000000,dbo,RPExpense,TABLE
C0000052267P_1_KOR00000000,dbo,RPGrd,TABLE
C0000052267P_1_KOR00000000,dbo,RPGrdCol,TABLE
C0000052267P_1_KOR00000000,dbo,RPGrdRow,TABLE
C0000052267P_1_KOR00000000,dbo,RPGridCell,TABLE
C0000052267P_1_KOR00000000,dbo,RPGridCfg,TABLE
C0000052267P_1_KOR00000000,dbo,RPJTDConsultant,TABLE
C0000052267P_1_KOR00000000,dbo,RPJTDExpenses,TABLE
C0000052267P_1_KOR00000000,dbo,RPJTDLabor,TABLE
C0000052267P_1_KOR00000000,dbo,RPJTDUnit,TABLE
C0000052267P_1_KOR00000000,dbo,RPLKCalendarInterval,TABLE
C0000052267P_1_KOR00000000,dbo,RPPlan,TABLE
C0000052267P_1_KOR00000000,dbo,RPPlanSubscr,TABLE
C0000052267P_1_KOR00000000,dbo,RPPlannedConsultant,TABLE
C0000052267P_1_KOR00000000,dbo,RPPlannedExpenses,TABLE
C0000052267P_1_KOR00000000,dbo,RPPlannedLabor,TABLE
C0000052267P_1_KOR00000000,dbo,RPPlannedRevenueLabor,TABLE
C0000052267P_1_KOR00000000,dbo,RPPlannedUnit,TABLE
C0000052267P_1_KOR00000000,dbo,RPReimbAllowance,TABLE
C0000052267P_1_KOR00000000,dbo,RPSubAssignment,TABLE
C0000052267P_1_KOR00000000,dbo,RPTask,TABLE
C0000052267P_1_KOR00000000,dbo,RPTopDown,TABLE
C0000052267P_1_KOR00000000,dbo,RPTopDownGR,TABLE
C0000052267P_1_KOR00000000,dbo,RPUnit,TABLE
C0000052267P_1_KOR00000000,dbo,RPWBSLevelFormat,TABLE
C0000052267P_1_KOR00000000,dbo,ReceiveDetail,TABLE
C0000052267P_1_KOR00000000,dbo,ReceiveDocuments,TABLE
C0000052267P_1_KOR00000000,dbo,ReceiveDocumentsDetail,TABLE
C0000052267P_1_KOR00000000,dbo,ReceiveMaster,TABLE
C0000052267P_1_KOR00000000,dbo,RecurrActivity,TABLE
C0000052267P_1_KOR00000000,dbo,RecurrActivityException,TABLE
C0000052267P_1_KOR00000000,dbo,ReportEmpty,TABLE
C0000052267P_1_KOR00000000,dbo,ReportPresentationCurrency,TABLE
C0000052267P_1_KOR00000000,dbo,ReportStatistics,TABLE
C0000052267P_1_KOR00000000,dbo,ReportSubscr,TABLE
C0000052267P_1_KOR00000000,dbo,ReportWBSList,TABLE
C0000052267P_1_KOR00000000,dbo,ResumeByQueryDefaultFormatSetting,TABLE
C0000052267P_1_KOR00000000,dbo,ResumeByQueryFormatting,TABLE
C0000052267P_1_KOR00000000,dbo,RevenueGroup,TABLE
C0000052267P_1_KOR00000000,dbo,RevenueGroupSubs,TABLE
C0000052267P_1_KOR00000000,dbo,RoleSummary_col65d35bf617de4d28bfee20119cd42acd,TABLE
C0000052267P_1_KOR00000000,dbo,RoleSummary_group65d35bf617de4d28bfee20119cd42acd,TABLE
C0000052267P_1_KOR00000000,dbo,SE,TABLE
C0000052267P_1_KOR00000000,dbo,SEApprovalWorkflow,TABLE
C0000052267P_1_KOR00000000,dbo,SECalendar,TABLE
C0000052267P_1_KOR00000000,dbo,SECompany,TABLE
C0000052267P_1_KOR00000000,dbo,SECustomDashparts,TABLE
C0000052267P_1_KOR00000000,dbo,SEDashParts,TABLE
C0000052267P_1_KOR00000000,dbo,SEDashpartBase,TABLE
C0000052267P_1_KOR00000000,dbo,SEDashpartBaseColumns,TABLE
C0000052267P_1_KOR00000000,dbo,SEDataPack,TABLE
C0000052267P_1_KOR00000000,dbo,SEDataSource,TABLE
C0000052267P_1_KOR00000000,dbo,SEEmailTemplates,TABLE
C0000052267P_1_KOR00000000,dbo,SEFavorite,TABLE
C0000052267P_1_KOR00000000,dbo,SEField,TABLE
C0000052267P_1_KOR00000000,dbo,SEInfoCenter,TABLE
C0000052267P_1_KOR00000000,dbo,SELookupFields,TABLE
C0000052267P_1_KOR00000000,dbo,SEMergeTemplate,TABLE
C0000052267P_1_KOR00000000,dbo,SEMergeTemplateDocuments,TABLE
C0000052267P_1_KOR00000000,dbo,SEMobileAppFields,TABLE
C0000052267P_1_KOR00000000,dbo,SENavTree,TABLE
C0000052267P_1_KOR00000000,dbo,SENonce,TABLE
C0000052267P_1_KOR00000000,dbo,SEPrinters,TABLE
C0000052267P_1_KOR00000000,dbo,SEReport,TABLE
C0000052267P_1_KOR00000000,dbo,SEReportColumns,TABLE
C0000052267P_1_KOR00000000,dbo,SEReportGroups,TABLE
C0000052267P_1_KOR00000000,dbo,SEReportOptions,TABLE
C0000052267P_1_KOR00000000,dbo,SESearches,TABLE
C0000052267P_1_KOR00000000,dbo,SESystemDashParts,TABLE
C0000052267P_1_KOR00000000,dbo,SETab,TABLE
C0000052267P_1_KOR00000000,dbo,SETransTypes,TABLE
C0000052267P_1_KOR00000000,dbo,SEURLDashParts,TABLE
C0000052267P_1_KOR00000000,dbo,SEUser,TABLE
C0000052267P_1_KOR00000000,dbo,SEUserMyFavs,TABLE
C0000052267P_1_KOR00000000,dbo,SEUserMyLinks,TABLE
C0000052267P_1_KOR00000000,dbo,SEUserPasswordHistory,TABLE
C0000052267P_1_KOR00000000,dbo,SEUserRefreshToken,TABLE
C0000052267P_1_KOR00000000,dbo,SF254,TABLE
C0000052267P_1_KOR00000000,dbo,SF254Disciplines,TABLE
C0000052267P_1_KOR00000000,dbo,SF254FeeSummary,TABLE
C0000052267P_1_KOR00000000,dbo,SF254FirmProfile,TABLE
C0000052267P_1_KOR00000000,dbo,SF254LocationsCount,TABLE
C0000052267P_1_KOR00000000,dbo,SF254Projects,TABLE
C0000052267P_1_KOR00000000,dbo,SF254Subscr,TABLE
C0000052267P_1_KOR00000000,dbo,SF254Template,TABLE
C0000052267P_1_KOR00000000,dbo,SF254TemplateFiles,TABLE
C0000052267P_1_KOR00000000,dbo,SF255,TABLE
C0000052267P_1_KOR00000000,dbo,SF255Consultant,TABLE
C0000052267P_1_KOR00000000,dbo,SF255Disciplines,TABLE
C0000052267P_1_KOR00000000,dbo,SF255EmployeeGraphics,TABLE
C0000052267P_1_KOR00000000,dbo,SF255Employees,TABLE
C0000052267P_1_KOR00000000,dbo,SF255LocationsCount,TABLE
C0000052267P_1_KOR00000000,dbo,SF255ProjectGraphics,TABLE
C0000052267P_1_KOR00000000,dbo,SF255Projects,TABLE
C0000052267P_1_KOR00000000,dbo,SF255Subscr,TABLE
C0000052267P_1_KOR00000000,dbo,SF255Template,TABLE
C0000052267P_1_KOR00000000,dbo,SF255TemplateFiles,TABLE
C0000052267P_1_KOR00000000,dbo,SF330,TABLE
C0000052267P_1_KOR00000000,dbo,SF330FirmEmployeeDiscipline,TABLE
C0000052267P_1_KOR00000000,dbo,SF330FirmProfile,TABLE
C0000052267P_1_KOR00000000,dbo,SF330FirmsPart2,TABLE
C0000052267P_1_KOR00000000,dbo,SF330Personnel,TABLE
C0000052267P_1_KOR00000000,dbo,SF330PersonnelMatrix,TABLE
C0000052267P_1_KOR00000000,dbo,SF330PersonnelProjectMatrix,TABLE
C0000052267P_1_KOR00000000,dbo,SF330PersonnelProjects,TABLE
C0000052267P_1_KOR00000000,dbo,SF330Preferences,TABLE
C0000052267P_1_KOR00000000,dbo,SF330ProjectFirms,TABLE
C0000052267P_1_KOR00000000,dbo,SF330ProjectGraphics,TABLE
C0000052267P_1_KOR00000000,dbo,SF330Projects,TABLE
C0000052267P_1_KOR00000000,dbo,SF330ProposedFirms,TABLE
C0000052267P_1_KOR00000000,dbo,SF330Subscr,TABLE
C0000052267P_1_KOR00000000,dbo,SF330Template,TABLE
C0000052267P_1_KOR00000000,dbo,SF330TemplateFiles,TABLE
C0000052267P_1_KOR00000000,dbo,SPMessages,TABLE
C0000052267P_1_KOR00000000,dbo,S_INTFC_ELEM_MSTR,TABLE
C0000052267P_1_KOR00000000,dbo,S_INTFC_ERRORS,TABLE
C0000052267P_1_KOR00000000,dbo,S_INTFC_MSTR,TABLE
C0000052267P_1_KOR00000000,dbo,S_OBJECT_MSTR,TABLE
C0000052267P_1_KOR00000000,dbo,SavedInvoices,TABLE
C0000052267P_1_KOR00000000,dbo,SavedOptionsDetail,TABLE
C0000052267P_1_KOR00000000,dbo,SavedReportsMain,TABLE
C0000052267P_1_KOR00000000,dbo,SavedSelectionsMain,TABLE
C0000052267P_1_KOR00000000,dbo,SyncActivityLog,TABLE
C0000052267P_1_KOR00000000,dbo,SyncLog,TABLE
C0000052267P_1_KOR00000000,dbo,TLSyncFields,TABLE
C0000052267P_1_KOR00000000,dbo,TSAssist,TABLE
C0000052267P_1_KOR00000000,dbo,TaxLocaleData,TABLE
C0000052267P_1_KOR00000000,dbo,TaxLocaleDescriptions,TABLE
C0000052267P_1_KOR00000000,dbo,TaxReporting,TABLE
C0000052267P_1_KOR00000000,dbo,TextLibFileLinks,TABLE
C0000052267P_1_KOR00000000,dbo,TextLibrary,TABLE
C0000052267P_1_KOR00000000,dbo,TextLibraryCustomTabFields,TABLE
C0000052267P_1_KOR00000000,dbo,TransactionUDFData,TABLE
C0000052267P_1_KOR00000000,dbo,TransactionUDFLabels,TABLE
C0000052267P_1_KOR00000000,dbo,UDICSubscr,TABLE
C0000052267P_1_KOR00000000,dbo,UKVATTaxReport,TABLE
C0000052267P_1_KOR00000000,dbo,UNDocuments,TABLE
C0000052267P_1_KOR00000000,dbo,UNDocumentsDetail,TABLE
C0000052267P_1_KOR00000000,dbo,UNTable,TABLE
C0000052267P_1_KOR00000000,dbo,UNUnit,TABLE
C0000052267P_1_KOR00000000,dbo,UPDocuments,TABLE
C0000052267P_1_KOR00000000,dbo,UPDocumentsDetail,TABLE
C0000052267P_1_KOR00000000,dbo,UnitCustomTabFields,TABLE
C0000052267P_1_KOR00000000,dbo,UserActivity,TABLE
C0000052267P_1_KOR00000000,dbo,UserPlanSelections,TABLE
C0000052267P_1_KOR00000000,dbo,VEAccounting,TABLE
C0000052267P_1_KOR00000000,dbo,VEEFTDetail,TABLE
C0000052267P_1_KOR00000000,dbo,VESubscr,TABLE
C0000052267P_1_KOR00000000,dbo,VO,TABLE
C0000052267P_1_KOR00000000,dbo,VendorItem,TABLE
C0000052267P_1_KOR00000000,dbo,VisionAppServers,TABLE
C0000052267P_1_KOR00000000,dbo,VisionDoNotMerge,TABLE
C0000052267P_1_KOR00000000,dbo,VisionImportBillingTerm_20180705_BillingTerms,TABLE
C0000052267P_1_KOR00000000,dbo,VisionImportBillingTerm_BillingTerms,TABLE
C0000052267P_1_KOR00000000,dbo,VisionImportContacts_Contacts,TABLE
C0000052267P_1_KOR00000000,dbo,VisionImportContacts_ImportContacts,TABLE
C0000052267P_1_KOR00000000,dbo,VisionImportDEAPDisbursement_MonthlyChambersGroupPlan,TABLE
C0000052267P_1_KOR00000000,dbo,VisionImportDEUnit_ArgosTest,TABLE
C0000052267P_1_KOR00000000,dbo,VisionImportDEUnit_InspectionsApr2024,TABLE
C0000052267P_1_KOR00000000,dbo,VisionImportDEUnit_InspectionsJan2023,TABLE
C0000052267P_1_KOR00000000,dbo,VisionImportDEUnit_InspectionsJan2023INSPTRACK,TABLE
C0000052267P_1_KOR00000000,dbo,VisionImportDEUnit_InspectionsJanuary2025,TABLE
C0000052267P_1_KOR00000000,dbo,VisionImportDEUnit_InspectionsJuly2024,TABLE
C0000052267P_1_KOR00000000,dbo,VisionImportDEUnit_InspectionsJun2024,TABLE
C0000052267P_1_KOR00000000,dbo,VisionImportDEUnit_InspectionsMAY2024,TABLE
C0000052267P_1_KOR00000000,dbo,VisionImportEM_ImportEmployees,TABLE
C0000052267P_1_KOR00000000,dbo,VisionImportPR_ImportProjects,TABLE
C0000052267P_1_KOR00000000,dbo,VisionImportPR_MissingDormantProjects,TABLE
C0000052267P_1_KOR00000000,dbo,VisionImportPR_ProjectDatabase,TABLE
C0000052267P_1_KOR00000000,dbo,VisionImportProjectExpense_3089101,TABLE
C0000052267P_1_KOR00000000,dbo,VisionImportProjectExpense_TEXTEXP,TABLE
C0000052267P_1_KOR00000000,dbo,VisionImportVE_ImportVendors,TABLE
C0000052267P_1_KOR00000000,dbo,VisionMergeLog,TABLE
C0000052267P_1_KOR00000000,dbo,VisionPostSeq,TABLE
C0000052267P_1_KOR00000000,dbo,VisionSystemAnalysisLog,TABLE
C0000052267P_1_KOR00000000,dbo,WorkflowActionColumnUpdate,TABLE
C0000052267P_1_KOR00000000,dbo,WorkflowActionCreateItem,TABLE
C0000052267P_1_KOR00000000,dbo,WorkflowActionDashboard,TABLE
C0000052267P_1_KOR00000000,dbo,WorkflowActionEmails,TABLE
C0000052267P_1_KOR00000000,dbo,WorkflowActionLanguages,TABLE
C0000052267P_1_KOR00000000,dbo,WorkflowActionMethod,TABLE
C0000052267P_1_KOR00000000,dbo,WorkflowActionMethodArgs,TABLE
C0000052267P_1_KOR00000000,dbo,WorkflowActionSproc,TABLE
C0000052267P_1_KOR00000000,dbo,WorkflowActionSprocArgs,TABLE
C0000052267P_1_KOR00000000,dbo,WorkflowActionWebService,TABLE
C0000052267P_1_KOR00000000,dbo,WorkflowActionWebServiceArgs,TABLE
C0000052267P_1_KOR00000000,dbo,WorkflowActionWebhook,TABLE
C0000052267P_1_KOR00000000,dbo,WorkflowActionWebhookArgs,TABLE
C0000052267P_1_KOR00000000,dbo,WorkflowActions,TABLE
C0000052267P_1_KOR00000000,dbo,WorkflowActivity,TABLE
C0000052267P_1_KOR00000000,dbo,WorkflowActivityCustomTabFields,TABLE
C0000052267P_1_KOR00000000,dbo,WorkflowCLActivity,TABLE
C0000052267P_1_KOR00000000,dbo,WorkflowColumnCache,TABLE
C0000052267P_1_KOR00000000,dbo,WorkflowColumns,TABLE
C0000052267P_1_KOR00000000,dbo,WorkflowConditions,TABLE
C0000052267P_1_KOR00000000,dbo,WorkflowContactActivity,TABLE
C0000052267P_1_KOR00000000,dbo,WorkflowEMActivity,TABLE
C0000052267P_1_KOR00000000,dbo,WorkflowEvents,TABLE
C0000052267P_1_KOR00000000,dbo,WorkflowLog,TABLE
C0000052267P_1_KOR00000000,dbo,XChargeWk,TABLE
C0000052267P_1_KOR00000000,dbo,X_ELEM_INSTANCE,TABLE
C0000052267P_1_KOR00000000,dbo,X_INTFC_ELEM_INST,TABLE
C0000052267P_1_KOR00000000,dbo,X_INTFC_INSTANCE,TABLE
C0000052267P_1_KOR00000000,dbo,X_OBJ_INSTANCE,TABLE
C0000052267P_1_KOR00000000,dbo,X_OBJ_SUPP,TABLE
C0000052267P_1_KOR00000000,dbo,apControl,TABLE
C0000052267P_1_KOR00000000,dbo,apControlDefaultTaxCodes,TABLE
C0000052267P_1_KOR00000000,dbo,apDetail,TABLE
C0000052267P_1_KOR00000000,dbo,apDetailCustomFields,TABLE
C0000052267P_1_KOR00000000,dbo,apDetailTax,TABLE
C0000052267P_1_KOR00000000,dbo,apMaster,TABLE
C0000052267P_1_KOR00000000,dbo,apppChecks,TABLE
C0000052267P_1_KOR00000000,dbo,apppChecksE,TABLE
C0000052267P_1_KOR00000000,dbo,apppChecksTax,TABLE
C0000052267P_1_KOR00000000,dbo,apppChecksW,TABLE
C0000052267P_1_KOR00000000,dbo,billARDetail,TABLE
C0000052267P_1_KOR00000000,dbo,billAddDetail,TABLE
C0000052267P_1_KOR00000000,dbo,billBTDDetail,TABLE
C0000052267P_1_KOR00000000,dbo,billConDetail,TABLE
C0000052267P_1_KOR00000000,dbo,billConTax,TABLE
C0000052267P_1_KOR00000000,dbo,billExpDetail,TABLE
C0000052267P_1_KOR00000000,dbo,billExpTax,TABLE
C0000052267P_1_KOR00000000,dbo,billExpWriteOffDelete,TABLE
C0000052267P_1_KOR00000000,dbo,billFeeAllocation,TABLE
C0000052267P_1_KOR00000000,dbo,billFeeDetail,TABLE
C0000052267P_1_KOR00000000,dbo,billINDetail,TABLE
C0000052267P_1_KOR00000000,dbo,billINMaster,TABLE
C0000052267P_1_KOR00000000,dbo,billIntDetail,TABLE
C0000052267P_1_KOR00000000,dbo,billInvMaster,TABLE
C0000052267P_1_KOR00000000,dbo,billInvSums,TABLE
C0000052267P_1_KOR00000000,dbo,billLabDetail,TABLE
C0000052267P_1_KOR00000000,dbo,billLabTax,TABLE
C0000052267P_1_KOR00000000,dbo,billLabWriteOffDelete,TABLE
C0000052267P_1_KOR00000000,dbo,billLimDetail,TABLE
C0000052267P_1_KOR00000000,dbo,billPreInvoice,TABLE
C0000052267P_1_KOR00000000,dbo,billPriorInvoices,TABLE
C0000052267P_1_KOR00000000,dbo,billRetDetail,TABLE
C0000052267P_1_KOR00000000,dbo,billTaxDetail,TABLE
C0000052267P_1_KOR00000000,dbo,billTaxSection,TABLE
C0000052267P_1_KOR00000000,dbo,billUnitDetail,TABLE
C0000052267P_1_KOR00000000,dbo,billUnitTax,TABLE
C0000052267P_1_KOR00000000,dbo,billUnitWriteOffDelete,TABLE
C0000052267P_1_KOR00000000,dbo,cdControl,TABLE
C0000052267P_1_KOR00000000,dbo,cdControlDefaultTaxCodes,TABLE
C0000052267P_1_KOR00000000,dbo,cdDetail,TABLE
C0000052267P_1_KOR00000000,dbo,cdDetailCustomFields,TABLE
C0000052267P_1_KOR00000000,dbo,cdDetailTax,TABLE
C0000052267P_1_KOR00000000,dbo,cdMaster,TABLE
C0000052267P_1_KOR00000000,dbo,crControl,TABLE
C0000052267P_1_KOR00000000,dbo,crDetail,TABLE
C0000052267P_1_KOR00000000,dbo,crDetailCustomFields,TABLE
C0000052267P_1_KOR00000000,dbo,crMaster,TABLE
C0000052267P_1_KOR00000000,dbo,cvControl,TABLE
C0000052267P_1_KOR00000000,dbo,cvControlDefaultTaxCodes,TABLE
C0000052267P_1_KOR00000000,dbo,cvDetail,TABLE
C0000052267P_1_KOR00000000,dbo,cvDetailCustomFields,TABLE
C0000052267P_1_KOR00000000,dbo,cvDetailTax,TABLE
C0000052267P_1_KOR00000000,dbo,cvMaster,TABLE
C0000052267P_1_KOR00000000,dbo,ekDetail,TABLE
C0000052267P_1_KOR00000000,dbo,ekDetailCCTransactionAssoc,TABLE
C0000052267P_1_KOR00000000,dbo,ekDetailTax,TABLE
C0000052267P_1_KOR00000000,dbo,ekMaster,TABLE
C0000052267P_1_KOR00000000,dbo,erControl,TABLE
C0000052267P_1_KOR00000000,dbo,erDetail,TABLE
C0000052267P_1_KOR00000000,dbo,erDetailCustomFields,TABLE
C0000052267P_1_KOR00000000,dbo,erMaster,TABLE
C0000052267P_1_KOR00000000,dbo,exChecks,TABLE
C0000052267P_1_KOR00000000,dbo,exChecksB,TABLE
C0000052267P_1_KOR00000000,dbo,exChecksE,TABLE
C0000052267P_1_KOR00000000,dbo,exChecksTax,TABLE
C0000052267P_1_KOR00000000,dbo,exControl,TABLE
C0000052267P_1_KOR00000000,dbo,exControlDefaultTaxCodes,TABLE
C0000052267P_1_KOR00000000,dbo,exDetail,TABLE
C0000052267P_1_KOR00000000,dbo,exDetailCustomFields,TABLE
C0000052267P_1_KOR00000000,dbo,exDetailTax,TABLE
C0000052267P_1_KOR00000000,dbo,exMaster,TABLE
C0000052267P_1_KOR00000000,dbo,inControl,TABLE
C0000052267P_1_KOR00000000,dbo,inDetail,TABLE
C0000052267P_1_KOR00000000,dbo,inDetailCustomFields,TABLE
C0000052267P_1_KOR00000000,dbo,inMaster,TABLE
C0000052267P_1_KOR00000000,dbo,inTaxSection,TABLE
C0000052267P_1_KOR00000000,dbo,jeControl,TABLE
C0000052267P_1_KOR00000000,dbo,jeControlRecurFrequency,TABLE
C0000052267P_1_KOR00000000,dbo,jeDetail,TABLE
C0000052267P_1_KOR00000000,dbo,jeDetailCustomFields,TABLE
C0000052267P_1_KOR00000000,dbo,jeDetailTax,TABLE
C0000052267P_1_KOR00000000,dbo,jeMaster,TABLE
C0000052267P_1_KOR00000000,dbo,laControl,TABLE
C0000052267P_1_KOR00000000,dbo,laDetail,TABLE
C0000052267P_1_KOR00000000,dbo,laDetailCustomFields,TABLE
C0000052267P_1_KOR00000000,dbo,laMaster,TABLE
C0000052267P_1_KOR00000000,dbo,miControl,TABLE
C0000052267P_1_KOR00000000,dbo,miDetail,TABLE
C0000052267P_1_KOR00000000,dbo,miDetailCustomFields,TABLE
C0000052267P_1_KOR00000000,dbo,miMaster,TABLE
C0000052267P_1_KOR00000000,dbo,prControl,TABLE
C0000052267P_1_KOR00000000,dbo,prDetail,TABLE
C0000052267P_1_KOR00000000,dbo,prDetailCustomFields,TABLE
C0000052267P_1_KOR00000000,dbo,prMaster,TABLE
C0000052267P_1_KOR00000000,dbo,savedVisualizations,TABLE
C0000052267P_1_KOR00000000,dbo,tkBillingXferReasons,TABLE
C0000052267P_1_KOR00000000,dbo,tkBreakTime,TABLE
C0000052267P_1_KOR00000000,dbo,tkComments,TABLE
C0000052267P_1_KOR00000000,dbo,tkControl,TABLE
C0000052267P_1_KOR00000000,dbo,tkCustomFields,TABLE
C0000052267P_1_KOR00000000,dbo,tkDetail,TABLE
C0000052267P_1_KOR00000000,dbo,tkLogging,TABLE
C0000052267P_1_KOR00000000,dbo,tkMaster,TABLE
C0000052267P_1_KOR00000000,dbo,tkRevExplanations,TABLE
C0000052267P_1_KOR00000000,dbo,tkRevisionDetail,TABLE
C0000052267P_1_KOR00000000,dbo,tkRevisionMaster,TABLE
C0000052267P_1_KOR00000000,dbo,tkUnitDetail,TABLE
C0000052267P_1_KOR00000000,dbo,tsControl,TABLE
C0000052267P_1_KOR00000000,dbo,tsDetail,TABLE
C0000052267P_1_KOR00000000,dbo,tsDetailCustomFields,TABLE
C0000052267P_1_KOR00000000,dbo,tsMaster,TABLE
C0000052267P_1_KOR00000000,dbo,unControl,TABLE
C0000052267P_1_KOR00000000,dbo,unDetail,TABLE
C0000052267P_1_KOR00000000,dbo,unDetailCustomFields,TABLE
C0000052267P_1_KOR00000000,dbo,unMaster,TABLE
C0000052267P_1_KOR00000000,dbo,upControl,TABLE
C0000052267P_1_KOR00000000,dbo,upDetail,TABLE
C0000052267P_1_KOR00000000,dbo,upDetailCustomFields,TABLE
C0000052267P_1_KOR00000000,dbo,upMaster,TABLE
C0000052267P_1_KOR00000000,dbo,visualizationSavedSettings,TABLE
C0000052267P_1_KOR00000000,dbo,wkRPC_03ED67F0D6A04A28B6C2852031BA2F2E,TABLE
C0000052267P_1_KOR00000000,dbo,wkRPC_2B4862DC14FC4ADAB912A651235C9EE4,TABLE
C0000052267P_1_KOR00000000,dbo,wkRPC_5625364C90474878A4DA9E8B208B2CFF,TABLE
C0000052267P_1_KOR00000000,dbo,wkRPC_AB89D6EA19AA47CA81FF20A1335F3446,TABLE
C0000052267P_1_KOR00000000,sys,trace_xe_action_map,TABLE
C0000052267P_1_KOR00000000,sys,trace_xe_event_map,TABLE
